category,text,labels,true_label,baseline_prediction,fine_tuned_prediction
fine_tuned_correct_baseline_wrong,"USD Coin (USDC) Surpassed Tether on the Ethereum Blockchain

Even as the controversial stablecoin Tether (USDT) continues to be the market leader, USD Coin (USDC) is slowly eating up its share.",2,neutral,bullish,neutral
fine_tuned_correct_baseline_wrong,"Visa to Settle USDC Transactions on Ethereum

The giant US multinational financial services corporation, Visa, will use USD Coin (USDC) to settle transactions on top of Ethereum.",0,bullish,neutral,bullish
fine_tuned_correct_baseline_wrong,"Bitcoin, Ethereum and Solana To Resume Uptrend by the End of the Year, Says Bloomberg Analyst – Here’s Why

Bloomberg Intelligence analyst Mike McGlone says that the blue-chip crypto assets are set to outperform other commodities by the end of the year. In a new interview on the Scott Melker podcast, McGlone says that leading digital assets Bitcoin (BTC), top smart contract platform Ethereum (ETH), and ETH competitor Solana (SOL) will resume their uptrend […]",2,neutral,bullish,neutral
fine_tuned_correct_baseline_wrong,"Big Things Coming for Solana Ecosystem As SOL Breaks Out Against Ethereum: Macro Guru Raoul Pal

Macro expert Raoul Pal is optimistic that Solana (SOL) will continue to surge as the price of the high-performance blockchain ramps up against Ethereum (ETH). The Real Vision CEO tells his 918,400 Twitter followers that he expects more development from Solana’s ecosystem now that the smart contract platform appears to be on track to outperform […] The post Big Things Coming for Solana Ecosystem As SOL Breaks Out Against Ethereum: Macro Guru Raoul Pal appeared first on The Daily Hodl.",2,neutral,bullish,neutral
fine_tuned_correct_baseline_wrong,"Bitcoin And Crypto Now Braced For A $9 Trillion Fed Earthquake As The Price Of Ethereum, BNB, Solana, Cardano, XRP, Terra’s Luna And Avalanche Crater

Bitcoin﻿ and cryptocurrency prices have fallen along with stock markets this year as investors brace for a more hawkish Federal Reserve...",2,neutral,bearish,neutral
fine_tuned_correct_baseline_wrong,"PayPal UK Completes Crypto Rollout, Lets All Eligible Customers Buy, Hold and Sell These Four Cryptocurrencies

Major global payments firm PayPal UK just launched crypto trading services for all of its eligible customers, giving them access to four top cryptocurrencies. On Friday, the company announced that all eligible PayPal UK users will now be able to buy, sell and hold Bitcoin (BTC), Ethereum (ETH), Bitcoin Cash (BCH) and Litecoin (LTC). We […]",0,bullish,neutral,bullish
fine_tuned_correct_baseline_wrong,"77 Million Users Can Now Share Bitcoin As Venmo Adds Crypto Payments

Venmo announced earlier today that it will be adding support for crypto payments for its more than 70 million users. This move will allow its users to buy, hold, and sell and cryptocurrencies like Bitcoin, Ethereum, Litecoin, and BCH directly in the app. Venmo Follows PayPal Path Toward Crypto Adoption The move is similar to […]",0,bullish,neutral,bullish
fine_tuned_correct_baseline_wrong,"Puff Bar Implements Vechain, ETH, and BCH

Puff Bar announced on Jan. 23 that it was implementing a variety of blockchain solutions in its business. The first of these implementations is with Vechain, which enables users to verify the authenticity of their Puff Bar products. The second of these is the integration of Ether and Bitcoin Cash as payment methods for Puff … Continued",0,bullish,neutral,bullish
fine_tuned_correct_baseline_wrong,"Grayscale Parent Company to Purchase Ethereum Classic Trust Shares Worth $50 Million

The $50 million purchase comes amid questions about the viability of DCG's flagship Bitcoin Trust investment product.",0,bullish,bearish,bullish
fine_tuned_correct_baseline_wrong,"Former Wall Street Banker Partners With Ethereum Competitor for New $1,500,000,000 Crypto Fund

A former Citigroup executive is shaking up the crypto investment space with a $1.5 billion venture, partnering with a leading layer 1 altcoin project. Hivemind Capital Partners is an investment firm founded by Matt Zhang, a 14-year Citigroup Inc veteran. In a press release, Zhang announces Hivemind’s mission to provide solutions to early blockchain entrepreneurs through […]",0,bullish,neutral,bullish
fine_tuned_correct_baseline_wrong,"Gravity Bridge brings Ethereum to the multichain

""An open and interoperable bridge between Ethereum and Cosmos has long been a shared vision of a fully connected Interchain,"" said Althea CEO Deborah Simpier.",2,neutral,bullish,neutral
fine_tuned_correct_baseline_wrong,"Multi Coin Analysis: Ethereum (ETH) & Loopring (LRC) Reach New All-Time Highs

BeInCrypto takes a look at the price movement for seven altcoins, including Ethereum (ETH) and Loopring (LRC), which have reached new all-time highs on Nov 2.",0,bullish,neutral,bullish
fine_tuned_correct_baseline_wrong,"Ethereum (ETH) Tokens to Go Live on Tezos (XTZ) with WRAP Protocol by Bender Labs

First-ever bridge protocol will connect two major smart contracts environments, Ethereum (ETH) and Tezos (XTZ)",0,bullish,neutral,bullish
fine_tuned_correct_baseline_wrong,"Erik Voorhees Bets on Ethereum DEXs, THORChain

Erik Voorhees, a prominent figure in the cryptocurrency space, is expressing strong support for decentralized exchanges (DEXs) on the Ethereum blockchain and THORChain. His endorsement highlights the growing importance of decentralized trading platforms in the crypto ecosystem, emphasizing their potential to offer more user control and security compared to traditional exchanges.",2,neutral,bullish,neutral
fine_tuned_correct_baseline_wrong,"Crypto Strategist Predicts Breakout for Ethereum Challenger Fantom (FTM), Says Solana (SOL) Primed To Rally

A popular crypto analyst and trader is predicting a strong breakout for Ethereum competitor Fantom (FTM) and says that another ETH rival is gearing up to rally. Crypto strategist Altcoin Sherpa tells his 165,100 Twitter followers that Fantom, a highly scalable blockchain for enterprises, is threatening to take out a massive resistance area above $3.00 […]",2,neutral,bullish,neutral
fine_tuned_correct_baseline_wrong,"Ethereum’s Merge FOMO isn’t priced in, making a spike to $2.6K a possibility

Ethereum's price action hangs around major swing lows despite the all-important Merge network upgrade. Analysis suggests ETH is discounted below $2,000.",2,neutral,bearish,neutral
fine_tuned_correct_baseline_wrong,"XRP Whales on Accumulation Binge As Ethereum (ETH) Flashes a Bullish Signal, According to Crypto Analytics Firm

Blockchain analytics firm Santiment reveals that whales holding between 1 million and 10 million XRP are stocking up on the sixth-largest cryptocurrency by market capitalization amid the current volatility of the digital assets market. According to Santiment, the richest non-exchange XRP wallets increased their collective holdings by 2.4% in just 11 days. “XRP whales holding […]",2,neutral,bullish,neutral
fine_tuned_correct_baseline_wrong,"Cardano Adoption Surges As Number of ADA Wallets Breaks New All-Time High: CryptoCompare Report

New data shows that Ethereum challenger Cardano (ADA) is seeing a surge in adoption with the number of ADA wallets hitting a new all-time high despite a shaky April for the smart contract platform. A new report by CryptoCompare shows that the number of addresses holding Cardano rose to a record high last month amid […] The post Cardano Adoption Surges As Number of ADA Wallets Breaks New All-Time High: CryptoCompare Report appeared first on The Daily Hodl.",2,neutral,bullish,neutral
fine_tuned_correct_baseline_wrong,"Cardano (ADA) Ready to Surpass Ethereum's Optimism: Community

Cardano (ADA), the largest PoS blockchain, witnesses DeFi revolution: its TVL is rocketing across all protocols",2,neutral,bullish,neutral
fine_tuned_correct_baseline_wrong,"Cardano ($ADA) Development Activity Jumped with Launch of Its DeFi Ecosystem, Data Shows

Cardano’s developer activity, as measured by GitHub commits, has surged last month with the launch of its decentralized finance (DeFi) ecosystem to significantly surpass the development activity of leading cryptocurrencies Bitcoin ($BTC) and Ethereum ($ETH). According to data shared by CryptoCompare, Cardano’s developer activity so far this year is more than seven times that of […]",2,neutral,bullish,neutral
fine_tuned_correct_baseline_wrong,"Ripple Kicks Off Record-Breaking Move As XRP Jumps Above ‘Ethereum Killers’ Solana And Cardano

There is plenty of cheer for XRP investors as the price of the cryptocurrency has exploded by over 35 percent in the week amid a crypto market revival. XRP is now the industry’s sixth-most valuable network. In doing so, XRP has flipped Cardano’s ADA and its fellow “Ethereum killer” Solana (SOL). ADA’s price is up […]",2,neutral,bullish,neutral
fine_tuned_correct_baseline_wrong,"Cardano’s Hoskinson Claims Gargantuan Billions In ADA Inflows Are ‘Just Getting Started’ — And Here’s Why

The cryptocurrency markets have been giving mixed signals, but Cardano (ADA) has managed to have a positive day. The cryptocurrency soared by over 9% today while the majority of other cryptocurrencies remained either flat or down. This comes as ADA positions itself ahead of Ethereum in terms of transaction volume. And according to Cardano creator […]",2,neutral,bullish,neutral
fine_tuned_correct_baseline_wrong,"Cardano Beats Solana And Bitcoin As Most Preferred Ethereum Alternative

Cardano has emerged as the most preferred ETH alternative for transactions and savings by crypto users around the globe. This is according to a Twitter poll conducted by Vitalik Buterin on Friday asking which cryptocurrency Ethereum users would prefer if they woke up in 2035, and 80% of all transactions plus savings in the world […]",2,neutral,bullish,neutral
fine_tuned_correct_baseline_wrong,"‘Mexico Is On The List’—Other Countries Could Soon Follow El Salvador Into Bitcoin As The Price Of Ethereum, BNB, Solana, Cardano, XRP, Terra’s Luna And Avalanche Soar

The bitcoin price has added more than 20% since dropping to lows of under $35,000 per bitcoin last week. Meanwhile, the price of ethereum and smaller coins BNB, solana, cardano, XRP, Terra's luna and avalanche have also rocketed higher...",2,neutral,bullish,neutral
fine_tuned_correct_baseline_wrong,"Here is why Ethereum’s dominance in DeFi is falling

Ethereum is undoubtedly the leading blockchain in DeFi, but this could be about to change as analysts at JPMorgan have noted that the dominance of the asset in the space could already be fading.",2,neutral,bearish,neutral
fine_tuned_correct_baseline_wrong,"Finance Redefined: Avalanche launches $200M fund, wXRP to debut on Ethereum Oct. 29–Nov. 5

Avalanche Foundation showcases a six-figure ecosystem fund, wXRP set to launch smart contracts on Ethereum, and AllianceBlock joins forces with Flare — all coming to you in this week’s Finance Redefined.",0,bullish,neutral,bullish
fine_tuned_correct_baseline_wrong,"‘Sounds Like BS’—Elon Musk Slams Radical New Tech And Boosts The Price Of Dogecoin As Bitcoin And Ethereum Struggle

Tesla﻿ billionaire Elon Musk, a controversial figure among the cryptocurrency community, has once again endorsed the somewhat satirical bitcoin rival dogecoin—sending its price slightly higher...",1,bearish,bullish,bearish
fine_tuned_correct_baseline_wrong,"Ascending Triangle Points Ethereum Toward Powerful Potential Climax

The cryptocurrency market is trending bearish on the short-term, keeping Bitcoin and Ethereum prices at bay after an enormous Q1 2021 rally. But there is no telling if the bull market is officially over, or if a bounce could materialize into a larger recovery. An ascending triangle pattern and long-term trend line could provide a clue as to what might happen next, and it just so happens to...",1,bearish,neutral,bearish
fine_tuned_correct_baseline_wrong,"Bitcoin and Ethereum spot ETFs landing in Australia next week

Australia’s mass retail appetite for cryptocurrency is about to be tested as two Bitcoin and one Ethereum spot exchange-traded funds (ETFs) have been approved for listing. See related article: New Australian ETF grants exposure to Bitcoin mining sector Fast facts All three ETFs are set to go live on Cboe (formally Chi-X) Exchange on April […]",0,bullish,neutral,bullish
fine_tuned_correct_baseline_wrong,"LUNA Poised To Moon As Terra’s Do Kwon Vows To Become World’s Biggest Bitcoin Holder Besides Satoshi

Terra, the fast blockchain taking on Ethereum, has stolen the spotlight in recent days after the Luna Foundation Guard (LFG) outlined plans to purchase billions worth of bitcoin as an additional security layer for its UST stablecoin.",2,neutral,bullish,neutral
fine_tuned_correct_baseline_wrong,"Elon Musk Says A Dogecoin-Ethereum Bridge Is Not Needed

Elon Musk’s support of Dogecoin has been a very public one, eventually leading the meme coin down one of the most impressive rallies in the history of the crypto market. The billionaire has not relented in his support for the digital asset too despite the decline over the last couple of months and has confirmed […]",2,neutral,bullish,neutral
fine_tuned_correct_baseline_wrong,"Ethereum flipping Bitcoin – Here’s the full picture

Ethereum has considerably reduced the gap to Bitcoin. While comparing their market caps would not bequeath such sentiment (BTC’s $680 billion to ETH’s $292 billion), in terms of exposure, fundamental developments, and overall market intrinsic value, Ethereum is right in the mix and no longer under its shade. Its rapid growth keeps bringing up the […]",2,neutral,bullish,neutral
fine_tuned_correct_baseline_wrong,"BTC, ETH, DOGE, DOT and LINK Price Analysis for May 15

Which crypto can follow the sharp growth of Polkadot (DOT) soon?",0,bullish,neutral,bullish
fine_tuned_correct_baseline_wrong,"Parity To Educate Berkeley Students on Developing Blockchain Projects on Polkadot

Dr. Gavin Wood, the co-founder of Ethereum and Polkadot, will give a lecture at Berkeley after a partnership between the university’s blockchain program and Parity.",0,bullish,neutral,bullish
fine_tuned_correct_baseline_wrong,"Beanstalk DAO Allegedly Suffers Flash Loan DeFi Exploit Worth $75M

Quick summary: Beanstalk DAO has reportedly been exploited for $75 million through a flash loan The exploiter might have used a proposal to ‘Give 250k Bean to Ukraine’ to kick-start the exploit PeckShiled Inc. has notified the team at Beanstalk of the possible flash loan The exploiter has already started transferring some of the Ethereum to Tornado Cash The DeFi industry is potentially facing a...",1,bearish,neutral,bearish
fine_tuned_correct_baseline_wrong,"OpenSea Exploit Sees Bored Ape Yacht Club NFT Sell For $1,700 in Ethereum

A listing bug on OpenSea allowed one user to buy Bored Ape Yacht Club NFTs at old prices, far below the current floor price.",1,bearish,neutral,bearish
fine_tuned_correct_baseline_wrong,"Ethereum Foundation Moved $90 Million Worth of Coins to Sell on Kraken

Ethereum Foundation decides to take profits, which historically marks the local top",1,bearish,neutral,bearish
fine_tuned_correct_baseline_wrong,"Ethereum 2.0 Is Vulnerable To Attacks But Developer Proposes A Solution

Ethereum’s transition to 2.0 may be blighted by serious attacks in the future. A research firm identifies three methods such attacks could be carried out on the network. Top Ethereum developer allays fears and offers multiple fixes to the hypothetical security breach. The entire cryptocurrency ecosystem is waiting with bated breaths over the highly anticipated […]",1,bearish,neutral,bearish
fine_tuned_correct_baseline_wrong,"Binance-Based DeFi Project TurtleDex Rugpulls, Converts 9,000 Stolen BNB In ETH

According to insider crypto journalist Colun Wu, recently launched DeFi project TurtleDex has performed a rugpull, stealing $2.4 million in BNB raised the pre-sale round",1,bearish,neutral,bearish
fine_tuned_correct_baseline_wrong,"Ethereum Whales Show Sustained Accumulation, On-Chain Data Shows

The pattern represents a departure from a whale sell-off trend that impacted ETH for months.",2,neutral,bearish,neutral
fine_tuned_correct_baseline_wrong,"$ETH: Supercar Maker McLaren Automotive Embraces Ethereum and Web3 With Launch of MSO LAB

British supercar manufacturer McLaren Automotive has introduced MSO LAB — which comes from the company’s in-house bespoke division McLaren Special Operations (MSO) — as part of its metaverse strategy. McLaren Automotive (formerly known as McLaren Cars, which was founded in 1985) is based at the McLaren Technology Centre in Woking, England. Its main products are […]",0,bullish,neutral,bullish
fine_tuned_correct_baseline_wrong,"Average 7-day fees paid to Ethereum protocol are almost 40x higher than Bitcoin’s

Long criticized over its high network costs, the transaction gas fees of the Ethereum (ETH) blockchain have recently recorded a... Continue reading",2,neutral,bullish,neutral
fine_tuned_correct_baseline_wrong,"Ethereum Launches the Final Proof of Stake Testnet

The final testnet (pictured) for the ethereum upgrade to full Proof of Stake (PoS), known as the Merger, has been launched earlier today. “We spun up the Kiln testnet to...",0,bullish,neutral,bullish
fine_tuned_correct_baseline_wrong,"Axie Infinity becomes first NFT series to break $4B in sales

Play-to-earn superstar Axie Infinity became the first non-fungible token (NFT) series to cross the US$4 billion mark in historic sales early Tuesday morning Asia time, according to CryptoSlam data. See related article: Axie Infinity fans play their way to payday as game token prices soar Fast facts Running on the Ethereum sidechain Ronin, Axie Infinity’s […]",0,bullish,neutral,bullish
fine_tuned_correct_baseline_wrong,"HUGE Crypto Boost!! Ethereum Growth Shoots Up | MAJOR Binance Moves

Bitcoin price and hodlers are IMPRESSING ANALYSTS… Ethereum is still GROWING with new addresses every day!! Decentraland is HOSTING THE FIRST BANK in the ENTIRE METAVERSE!! Meet Binance’s new BNB Chain!! The New York Stock Exchange is opening the door to NEW CRYPTO OPPORTUNITIES!! Axie Infinity Smooth Love Potion tokens get a new DEPOSIT LISTING, Neo is working on China’s First Blockchain Service Network… And Rarible’s NFT Market GOES VIRTUAL!! ⏱️TIMESTAMPS 0:00 Major Headlines 0:39 Introduction 1:02 Market Wrap 1:30 Ethereum Addresses on the Rise 2:12 JP Morgan First Bank in Decentraland 2:39 BSC is Now BNB Chain 3:11 NYSE Trademarks for Crypto Products 3:50 New Axie Infinity $SLP Listing 4:20 Neo Working with China’s First Blockchain Service Network 4:55 Rarible NFT Marketplac 🔔 🔔 🔔 SUBSCRIBE 🔔 🔔 🔔 Like, Subscribe and Hit the Notification Bell. It helps us to keep producing these videos for you! 🔥 🔥 🔥 FOLLOW US HERE 🔥 🔥 🔥 TRADING SIGNALS https://t.me/AltcoinBuzzSignals ALTCOIN BUZZ CHAT https://t.me/AltcoinBuzzChat TOP CRYPTO NEWS https://www.altcoinbuzz.io FREE NEWSLETTER http://eepurl.com/dnIEz1 TWITTER https://twitter.com/altcoinbuzzio ➖ PARTNER LINKS ➖ Cryptocurrency And Bitcoin Visa Card - GET $25 FREE ON ► CRYPTO.COM https://platinum.crypto.com/r/ab *Code is AB ➖ DISCLAIMER ➖ The information discussed by Altcoin Buzz is not financial advice. This is for educational and informational purposes only. Any information or strategies are thoughts and opinions relevant to accepted levels of risk tolerance of the content creators/reviewers and their risk tolerance may be different than yours. Altcoin Buzz is not responsible for any losses that you may incur as a result of any investments directly or indirectly related to the information provided. Please do your own due diligence and rating before making any investments and consult your financial advisor. The information presented we believe to be correct and accurate however there is no guarantee or warranty as to the accuracy, timeliness, completeness. Bitcoin and other cryptocurrencies are high-risk investments so please do your due diligence. Copyright Altcoin Buzz Pte Ltd. All rights reserved. #cryptonews #ethereum #decentraland #axieinfinity",0,bullish,neutral,bullish
fine_tuned_correct_baseline_wrong,"Morgan Stanley Says Ethereum Is Riskier And Less Decentralized Than Bitcoin

Is the Ethereum blockchain network more decentralized than Bitcoin? This question has been frequently raised by crypto industry insiders and developers in recent years. According to Morgan Stanley, Ethereum is currently less decentralized than Bitcoin. The U.S. investment bank also claimed that the Ether cryptocurrency is essentially riskier than Bitcoin because it’s more volatile. The […]",1,bearish,neutral,bearish
fine_tuned_correct_baseline_wrong,"Shiba Inu Becomes One of Most-Purchased Tokens by Ethereum Whales, as On-Chain Data Reports

Shiba Inu is still trying to recover after strong correction",2,neutral,bullish,neutral
fine_tuned_correct_baseline_wrong,"Terabethia cross-chain protocol bridges Internet Computer and Ethereum

The bridge allows users to transact Ethereum native assets at faster speeds with lower cost and store them directly on-chain.",0,bullish,neutral,bullish
fine_tuned_correct_baseline_wrong,"Community Voted, Why Uniswap Will Be Deployed On Polygon

Popular decentralized automated market maker (AMM) Uniswap will deploy its smart contracts on Polygon, the Ethereum scaling solution, Proof-of-Stake (PoS) chain. The announcement was made via Twitter by the official handle of Uniswap Labs after the completion of a community vote. Related Reading | Uniswap Community Reacts Against The New Proposal, Here is Why The AMM will be rollout on Polygon...",0,bullish,neutral,bullish
fine_tuned_correct_baseline_wrong,"Second-Largest Ethereum Whale on Record Just Executed a Massive Altcoin Purchase: WhaleStats

The second-largest Ethereum whale in existence is accumulating millions of dollars worth of two ETH-based altcoins. According to whale-watching platform WhaleStats, the deep-pocketed crypto investor collected $4.2 million worth of layer-2 scaling solution Polygon (MATIC) and $3 million worth of blockchain indexing protocol The Graph (GRT). The massive address holds just above $3.8 billion in...",0,bullish,neutral,bullish
fine_tuned_correct_baseline_wrong,"Ethereum Cofounder Joe Lubin: High Gas Fees Are a 'Measure of Success'

Joe Lubin waded into the ongoing debate over Ethereum gas fees: they're a ""growth pain"" and a sign of the network's popularity, he says.",2,neutral,bearish,neutral
fine_tuned_correct_baseline_wrong,"Solana Gearing Up for 255% Rally Early Next Year: Crypto Exchange Kraken

Crypto exchange Kraken is saying that Ethereum competitor and smart contract platform Solana (SOL) could be jockeying for a strong rally by early 2022. In a recent report, Kraken says that Solana has been trading within a large bullish pattern dating as far back as 2020. According to the crypto exchange, Solana’s corrective move from […]",2,neutral,bullish,neutral
fine_tuned_correct_baseline_wrong,"Aave Launches AMM Liquidity Pool, Hints at “New Frontiers” Beyond Ethereum

Aave, one of Ethereum’s leading DeFi protocols, has announced a major upgrade. Aave Goes Multi-Market “In DeFi, there are no Aave users, and there are no AMMs users. There are only DeFi users.” Today, users can begin depositing and borrowing crypto assets from the Aave AMM Liquidity Pool, enabling @Uniswap and @BalancerLabs liquidity providers to use their LP tokens as...",0,bullish,neutral,bullish
fine_tuned_correct_baseline_wrong,"Bitcoin Dominance Dives To Lowest In Years, Altcoin Season Is Finally Here

Bitcoin price was rejected from above $55,000 and is now back to sinking lower. Meanwhile, altcoins like Ethereum continue to climb complete unaffected by the leading cryptocurrency by market cap. The recent divergence between the top dog and the rest of altcoins, has resulted in Bitcoin dominance taking a nosedive to levels not seen since […]",2,neutral,bearish,neutral
fine_tuned_correct_baseline_wrong,"PayPal’s Venmo Users Can Now Buy Crypto on the App

Venmo users will now be able to buy bitcoin (BTC), ethereum (ETH), litecoin (LTC) and bitcoin cash (BCH) within the application. Along with buying, holding, and selling, users can learn more about the crypto sphere through in-app guides and videos. Venmo is also a social networking app, so users can share updates about their crypto … Continued",0,bullish,neutral,bullish
fine_tuned_correct_baseline_wrong,"Terra Becomes Second-Biggest DeFi Platform (Behind Only Ethereum)

Terra has surpassed Binance Smart Chain, becoming the second-largest smart contract platform",2,neutral,bullish,neutral
fine_tuned_correct_baseline_wrong,"Decentralized VPN network Mysterium set to launch mainnet on Ethereum and Polygon

After years of development, the team of Mysterium Network, a decentralized VPN protocol & ecosystem, has announced that on Monday, November 22nd it will launch its mainnet on both the Ethereum and Polygon mainnets. During testnet, the Mysterium VPN app was downloaded 400,000 times, with over 114,000 monthly active users (MAU). Mysterium is powered by […]",0,bullish,neutral,bullish
fine_tuned_correct_baseline_wrong,"Polygon acquires Hermez Network for US$250M

Hermez Network, a prominent zero-knowledge cryptography-based scaling project, will merge with India-based Polygon, an Ethereum scaling project, Polygon announced on Friday. Fast facts Polygon has initiated the process of merging Hermez, including its technology, team, live solutions and HEZ tokens into its ecosystem. Hermez will operate under the name Polygon Hermez as a part of […]",0,bullish,neutral,bullish
fine_tuned_correct_baseline_wrong,"DeFi platforms Zapper and Aave announce Polygon sidechain integrations

Two DeFi heavyweights will be integrating the one-time Ethereum competitor.",0,bullish,neutral,bullish
fine_tuned_correct_baseline_wrong,"Here's why Ethereum traders could care less about ETH's current weakness

ETH price could hit new lows near $3,600, but derivatives data suggests pro traders still feel bullish.",2,neutral,bearish,neutral
fine_tuned_correct_baseline_wrong,"TA: Ethereum Breaks Key Support, Why Bulls Could Still Step In

Ethereum extended decline below the $3.850 support zone against the US Dollar. ETH price is consolidating and trading above the $3,700 support zone. Ethereum extended decline below the $3,850 and $3,800 support levels. The price is now trading below $4,000 and the 100 hourly simple moving average. There is a key bearish trend line forming with resistance near $3,800 on the hourly chart of...",2,neutral,bearish,neutral
fine_tuned_correct_baseline_wrong,"As Ethereum Approaches $4k, On-chain Data Shows Rally Will Continue Even Higher

Even with Ethereum’s strong run where the coin has reached near $4k, on-chain data shows there is still more room for the bull rally to continue. Ethereum All Exchanges Taker Buy Sell Ratio Shoots Up As pointed out by a CryptoQuant post, the ETH all exchanges taker buy sell volume has shown a huge spike today. The Ethereum all exchanges taker buy sell ratio (or volume) is an indicator that...",2,neutral,bullish,neutral
fine_tuned_correct_baseline_wrong,"SHIB Available for Spot Trading on Bybit, New Ethereum Update to Go Live Soon, Craig Wright to Pay $100 Million in Damages: Crypto News Digest by U.Today

Stay tuned for the latest crypto events with U.Today’s news digest!",0,bullish,neutral,bullish
fine_tuned_correct_baseline_wrong,"SushiSwap Now Live on Fantom, Polygon, xDai, Binance, Moonbeam

One of Ethereum’s most popular decentralized exchanges is “going multichain.” SushiSwap Expands SushiSwap has launched on a host of new blockchain protocols. The decentralized exchange, which launched on Ethereum last summer, has deployed its contracts on Fantom, xDai, Binance Smart Chain, and Moonbeam. It’s also gone live on Polygon, one of Ethereum’s most vital Layer 2...",0,bullish,neutral,bullish
fine_tuned_correct_baseline_wrong,"Bitcoin Enters December Eying $40k As XRP, Ether, Cardano, Solana, Shiba Inu Look To Herald Year-End Highs

Bitcoin (BTC) has commenced December with a surge, catapulting above the $38,000 mark and signalling promising year-end highs.",2,neutral,bullish,neutral
fine_tuned_correct_baseline_wrong,"Bitcoin, Ether, Cardano, Shiba Inu, XRP Near ‘Bull Breaking’ Point As Tether Whales Inject $1.7 Billion

Bitcoin experienced a turbulent start this month, plummeting over 5% on Tuesday following Changpeng Zhao’s (CZ) resignation as Binance CEO. However, the flagship cryptocurrency demonstrated remarkable resilience, surging to...",2,neutral,bullish,neutral
fine_tuned_correct_baseline_wrong,"Coinbase to launch Solana perpetual futures; Will the SOL rally continue?

While Bitcoin (BTC) and Ethereum (ETH) are guaranteed to take the spotlight in any crypto market rally, Solana (SOL) has … Continued",2,neutral,bullish,neutral
fine_tuned_correct_baseline_wrong,"Solana (SOL) and Altcoins Still Have Massive Room To Rally, According to Macro Guru Raoul Pal

Macro guru Raoul Pal says that Ethereum (ETH) competitor Solana (SOL) is not done rallying even after soaring in recent weeks. In a new edition of Pal’s Global Macro Investor (GMI) newsletter, the former Goldman Sachs executive says that Solana entered an uptrend after breaking out of a classic bullish pattern. “SOL broke out from […]",2,neutral,bullish,neutral
fine_tuned_correct_baseline_wrong,"Cardano Whales Bank On A Massive Bull Run As Full-Blown Mega Rally Nears For Ripple’s XRP and Solana

Cardano (ADA), the cryptocurrency launched by Ethereum co-founder Charles Hoskinson, has experienced significant growth in recent days, thanks to the bullish momentum in the crypto market following the excitement over the possible...",2,neutral,bullish,neutral
fine_tuned_correct_baseline_wrong,"BREAKING: Dubai Financial Services Authority (DFSA) Approves Ripple (XRP) for Dubai International Financial Center (DIFC) Use

Dubai Financial Services Authority (DFSA) has approved XRP for use within the DIFC, following Bitcoin, Ethereum and Litecoin. Continue Reading: BREAKING: Dubai Financial Services Authority (DFSA) Approves Ripple (XRP) for Dubai International Financial Center (DIFC) Use",0,bullish,neutral,bullish
fine_tuned_correct_baseline_wrong,"Cardano ($ADA) Ignites On-Chain Frenzy as Long-Term Holders Spring into Action, Says Santiment Research

Market intelligence firm Santiment has reported that Cardano (ADA), a notable competitor to Ethereum (ETH), has reached an important milestone in on-chain activity. According to a recent update on social media, Santiment observed that long-term ADA holders have begun to transfer a significant volume of tokens, marking the most substantial movement in over a year. […]",2,neutral,bullish,neutral
fine_tuned_correct_baseline_wrong,"Ethereum ETFs Approved, Trading Starts Monday

Valkyrie, VanEck and ProShares have all had their applications to launch an ethereum futures ETF approved.",0,bullish,neutral,bullish
fine_tuned_correct_baseline_wrong,"BREAKING: Grayscale Files for Ethereum Futures ETF

Digital asset management company Grayscale Investments has filed an application with the Securities and Exchange Commission (SEC) for a new exchange-traded fund (ETF) that will track Ethereum futures. The ETF in question was registered under the Securities Act of 1933, legislation that would govern commodities and spot Bitcoin ETFs. This isn't Grayscale's first venture into […] ...",0,bullish,neutral,bullish
fine_tuned_correct_baseline_wrong,"Cardano Threatens Ethereum’s Reign as NFT Floor Prices Surge

With the NFT market slowing down, Cardano NFTs have surpassed Ethereum, signaling a major shift in the industry.",2,neutral,bullish,neutral
fine_tuned_correct_baseline_wrong,"Singapore Red Cross Enables Crypto Donations

The initially supported digital assets by Singapore Red Cross include BTC, ETH, USDT, and USDC.",0,bullish,neutral,bullish
fine_tuned_correct_baseline_wrong,"Vitalik Buterin: Ethereum ‘fails’ without these 3 important ‘transitions’

Layer-2 scaling, wallet security and privacy-preserving features are all necessary to secure Ethereum’s future, according to the Ethereum co-founder.",1,bearish,neutral,bearish
fine_tuned_correct_baseline_wrong,"Raydium hacker funnels $2.7 million through Tornado Cash mixer

An Ethereum address connected with an exploit last of Raydium laundered $2.7 million through Tornado Cash, security firm CertiK noted.",1,bearish,neutral,bearish
fine_tuned_correct_baseline_wrong,"3 Reasons Why Ethereum Might Blow up Next Week: Crypto Market Review, Nov. 24

Second biggest cryptocurrency's volatility should return to normal thanks to these factors",1,bearish,neutral,bearish
fine_tuned_correct_baseline_wrong,"Someone Paid 93 ETH In Fees For A Single Transfer On Ethereum, But Why?

Data shows someone has today paid 93 ETH in fees for a transaction on the Ethereum blockchain; here’s the likely reason behind this seemingly abnormal transfer. This Single Ethereum Transaction Took A Fees Of 93 ETH To Be Possible At a first glance, 93 ETH in fees, and that too for a single transfer, seems […]",1,bearish,neutral,bearish
fine_tuned_correct_baseline_wrong,"Ethereum Alarm Clock’s smart contract is being targeted by exploiters

An exploited Ethereum Alarm Clock smart contract is allowing exploiters to game a transaction cost refunding mechanic.",1,bearish,neutral,bearish
fine_tuned_correct_baseline_wrong,"51% of Ethereum Node Validators Can Censor Your Transactions

Ethereum Maximum Extractable Value (MEV) boost-relays compliant with the U.S. Office of Foreign Assets Control (OFAC) rules.",1,bearish,neutral,bearish
fine_tuned_correct_baseline_wrong,"Ethereum lost almost 20% of its market cap since the Merge upgrade

The historic Merge upgrade resulted in anticipation regarding Ethereum’s (ETH) prospects for the future with the possibility of attracting new... Continue reading",1,bearish,bullish,bearish
fine_tuned_correct_baseline_wrong,"Cardano (ADA) Is Nearly Dead, Claims Ethereum Maximalist

Cardano recently celebrated its fifth birthday, but skeptics in the space are still unsure of how far Cardano and ADA might go.",1,bearish,neutral,bearish
fine_tuned_correct_baseline_wrong,"SEC officials pushed Hinman to clarify ETH wasn’t a security: Court docs

Documents show that Hinman and other SEC officials planned to meet with Vitalik Buterin ahead of a 2018 speech",1,bearish,neutral,bearish
fine_tuned_correct_baseline_wrong,"Circle activates protocol for stablecoin transfers between Ethereum and Avalanche

The Cross-Chain Transfer Protocol allows USDC transfers between Ethereum and Avalance.",0,bullish,neutral,bullish
fine_tuned_correct_baseline_wrong,"Vitalik Buterin Explains How Ethereum Could Improve User Experience

A better way to handle fees and transactions are some of the issues that Ethereum needs to tackle before reaching mass adoption.",2,neutral,bullish,neutral
fine_tuned_correct_baseline_wrong,"Shiba Inu Whale Activity Surges On Hype Around The Upcoming Shibarium Launch

Ethereum whales are busy amassing Shiba Inu ahead of the anticipated Shibarium launch.",2,neutral,bullish,neutral
fine_tuned_correct_baseline_wrong,"Ethereum Classic achieves strong bounce back, thanks to hash rate stimulation

Ethereum Classic’s hash rate bounced back slightly, potentially indicating increased network activity. ETC’s bullish momentum might be limited, according to its MA indicators. Every once in a while, Ethereum Classic [ETC] registers a large price pump that is usually associated with whale activity. The latest such event occurred on 4 January, when ETC bulls pulled […]",2,neutral,bearish,neutral
fine_tuned_correct_baseline_wrong,"Terra Coin Price Balloons 30% – But Can LUNA Reach Higher Terrain?

Terra (LUNA) woke up to a good day on Wednesday as the token made an impressive 30% jump in its price on the way to tallying a high of $3.08. Terra accounted for 25.06% of the entire token holdings among the top 100 ETH whales LUNA price surged by 30% today and hit $3.08 Bullish momentum is possible and trading price might reach $3.25 The crypto, though, immediately experienced price...",2,neutral,bullish,neutral
fine_tuned_correct_baseline_wrong,"Uniswap to charge 0.15% to swap certain tokens on web interface and wallet

Uniswap will implement a 0.15% new swap fee for ETH, USDC, WETH, USDT, DAI, WBTC, agEUR, GUSD, LUSD, EUROC and XSGD.",1,bearish,neutral,bearish
fine_tuned_correct_baseline_wrong,"Second-Largest Stablecoin USDC Launches on Ethereum (ETH) Competitor NEAR Protocol (NEAR)

The second-largest stablecoin by market cap, USD Coin (USDC), is now available natively on the Ethereum (ETH) competitor NEAR Protocol (NEAR). In addition to NEAR, USDC is also available natively on Algorand (ALGO), Arbitrum ( ARB), Avalanche (AVAX), Base, Ethereum, Flow, Hedera (HBAR), Noble, Optimism (OP), Solana (SOL), Stellar (XLM), and Tron (TRX). Explains USDC’s issuer […]",0,bullish,neutral,bullish
fine_tuned_correct_baseline_wrong,"Ethereum Classic Jumps Double Digits After Antpool Adds $10M Backing

Ethereum Classic is up 14% following crypto miner Antpool’s $10 million investment and Vitalik’s supportive comments.",2,neutral,bullish,neutral
fine_tuned_correct_baseline_wrong,"‘ADA Ape’ Says in July Cardano ($ADA) Had Much Higher Adjusted Volume on Chain Than Ethereum ($ETH)

Cardano ($ADA) has seen its network transaction volume tower that of Ethereum since the beginning of the year, and at one point, it was also above that of the flagship cryptocurrency Bitcoin ($BTC) before slowing to e on pair with it. According to Kraken’s July 2022 crypto on-chain digest report, network transaction volume is also […]",2,neutral,bullish,neutral
fine_tuned_correct_baseline_wrong,"Protocol Village: HAQQ-evmOS Integration Enables Cross-Chain With Cosmos, Ethereum

The latest in blockchain tech upgrades, funding announcements and deals. For May 23. NOTE: Protocol Village will be on hiatus May 24-June 2 as we cover CoinDesk's Consensus conference in Austin, Texas. We will resume publishing June 3. Hope to see you there!",0,bullish,neutral,bullish
fine_tuned_correct_baseline_wrong,"Solana to join Bitcoin and Ethereum as top crypto assets, $1.6 trillion asset manager predicts

Franklin Templeton, a global investment firm managing 1.6 trillion dollars, has released a report titled ""Solana: Accelerated Adoption,"" which predicts that Solana is positioned to become the third major crypto asset after Bitcoin and Ethereum.The report states, ""Our view is that Solana's growth is likely to continue because it is well positioned to capture the next wave of crypto adoption,...",2,neutral,bullish,neutral
fine_tuned_correct_baseline_wrong,"Solana Wins Institutional Investors’ Trust Over Bitcoin And Ethereum, Here’s How

Solana is in the lead again, as the majority of crypto assets investment products witnessed net outflows of investments last week, bringing an end to 11 consecutive weeks of inflows. This wasn’t surprising though, as most cryptocurrencies went through a brief period of consolidation and profit-taking last week. According to the latest report from CoinShares, […]",2,neutral,bullish,neutral
fine_tuned_correct_baseline_wrong,"Netmarble’s Marblex Migrating to Ethereum L2 Immutable zkEVM With $20 Million Fund

South Korean mobile gaming giant Netmarble is shifting its Marblex ecosystem from Klaytn to the Ethereum layer-2, with three games set to make the leap.",0,bullish,neutral,bullish
fine_tuned_correct_baseline_wrong,"Spot Ethereum ETF Approval Could Send ETH to a New Record High, Says Bitwise CIO Matt Hougan

The chief investment officer of crypto fund manager Bitwise is predicting new all-time highs for Ethereum (ETH) if spot ETH exchange-traded funds (ETFs) are ultimately approved. Earlier this week, the U.S. Securities and Exchange Commission (SEC) approved a rule change that sets the stage for the potential green lighting of spot market Ethereum ETFs. In […]",0,bullish,neutral,bullish
fine_tuned_correct_baseline_wrong,"U.S. Securities Regulator Approves Spot Ether ETFs in Landmark Decision

The SEC has issued an omnibus approval for ETH ETF applicants.",0,bullish,neutral,bullish
fine_tuned_correct_baseline_wrong,"Cardano ($ADA) Price Poised for Major Surge, Popular Analyst Reveals Bullish Pattern

In a compelling update, a widely-followed cryptocurrency analyst has recently suggested that Cardano ($ADA), a popular competitor to smart contract platform Ethereum ($ETH), could soon see a significant upward surge. In a video shared on the Google-owned video-sharing website YouTube with his over 2.3 million subscribers, analyst Guy Turner noted that ADA is showing bullish […]",2,neutral,bullish,neutral
fine_tuned_correct_baseline_wrong,"Laser-Eyed Franklin Templeton Sets Sights on Ethereum, Solana After Bitcoin

The investment giant highlighted Solana's vision and Ethereum's ecosystem in its bullish Twitter thread.",2,neutral,bullish,neutral
fine_tuned_correct_baseline_wrong,"Whales Go Wild: Cardano Transactions Surge 11% – Price Hike Incoming?

Cardano (ADA) staged a remarkable performance today, defying prevailing expectations and orchestrating a meteoric rise that propelled it from a relatively unassuming position to a prominent spot within the top 10 cryptocurrencies by market capitalization, courtesy of an impressive 3.6% rally. While stalwarts like Bitcoin and Ethereum made incremental movements, Cardano distinguished itself...",2,neutral,bullish,neutral
fine_tuned_correct_baseline_wrong,"Cardano Takes Lead in Development Activity Amidst Crypto Market Decline

Amidst the recent downturn in the cryptocurrency market, Cardano (ADA) has emerged as the leader in development activity, surpassing other major players like Polkadot and Ethereum.",2,neutral,bullish,neutral
fine_tuned_correct_baseline_wrong,"Tron to Launch Gas-Free Stablecoin Transfers by Q4

Justin Sun, the creator of TRON, has revealed that his team is in the process of enabling gas-free stablecoin transfers in the fourth quarter of 2024. Per his announcement, the solution would only work on TRON in the beginning. But he plans to deploy it on Ethereum and all Ethereum Virtual Machine (EVM)-compatible public networks […]",0,bullish,neutral,bullish
fine_tuned_correct_baseline_wrong,"BREAKING:  Reddit Announced That It Converted Its Excess Cash into Bitcoin and Ethereum!

According to breaking information, social media platform Reddit reported that it has converted its excess cash into Bitcoin and Ethereum and plans to continue this in the future. Reddit added Ethereum and MATIC assets as a form of payment for the sale of certain virtual products. *This is not investment advice. Continue Reading: BREAKING: Reddit Announced That It Converted Its Excess...",0,bullish,neutral,bullish
fine_tuned_correct_baseline_wrong,"Top Ethereum L2s Ready To Ship Major Upgrades

Starknet, Optimism, and Polygon are all working on major upcoming upgrades.",0,bullish,neutral,bullish
fine_tuned_correct_baseline_wrong,"Jokes aside: PEPE surges 120% to become world’s 3rd largest meme coin

Ethereum-based Pepe (PEPE) token has skyrocketed by over 120% in the last 24 hours, securing its position as the third-largest … Continued",2,neutral,bullish,neutral
fine_tuned_correct_baseline_wrong,"Travala Taps Solana for SOL Travel Rewards and AVA Token Deployment

Travala doubles down on expansion, integrating with Solana to extend support beyond Ethereum and BNB.",2,neutral,bullish,neutral
fine_tuned_correct_baseline_wrong,"Solana’s price surge propels its market cap past $100 billion, outpacing Bitcoin and Ethereum gains

Since Donald Trump’s reelection as US president, Bitcoin and Ethereum have drawn substantial attention with notable price increases. However, Solana has quietly outperformed these two giants in the digital asset space. Data from CryptoSlate indicates Solana’s price has surged over 34% in the past week to as high as $215, surpassing Bitcoin’s 20% gain to […] The post Solana’s price surge...",2,neutral,bullish,neutral
fine_tuned_correct_baseline_wrong,"Cardano Founder Predicts Bold Future Despite Challenges Ahead

Charles Hoskinson envisions a bold future for Cardano, aiming for the network to surpass Bitcoin and Ethereum and become essential for government infrastructure.",2,neutral,bullish,neutral
fine_tuned_correct_baseline_wrong,"Vitalik Buterin Donates 88 ETH to Adopt  Moo Deng

Vitalik Buterin donates 88 ETH to adopt viral pygmy hippo Moo Deng, boosting zoo support and causing a surge in the MOODENG meme coin's value.",2,neutral,bullish,neutral
fine_tuned_correct_baseline_wrong,"Solana outpaces Ethereum in attracting new crypto developers in 2024

Solana became the leading blockchain for new crypto developers in 2024, with an 83% increase, surpassing Ethereum, according to Electric Capitals annual report.The report, reviewed by CoinDesk, revealed that Solana onboarded 7,625 new developers1,000 more than Ethereum during the same period.While Ethereum maintained its position as the largest developer network overall, its monthly active...",2,neutral,bullish,neutral
fine_tuned_correct_baseline_wrong,"Ethereum Set for Major Gains as Strong Fundamentals and Institutional Interest Surge

Ethereum's recent underperformance may actually present an enticing opportunity, according to Gautam Chhugani, the managing director of Bernstein’s global digital assets division. The post Ethereum Set for Major Gains as Strong Fundamentals and Institutional Interest Surge appeared first on Cryptodnes.",2,neutral,bullish,neutral
fine_tuned_correct_baseline_wrong,"Ethereum Price Rally Builds Momentum as Experts Eye $6K and $10K Milestones

Ethereum price has been on an upward trend, hitting a five-month high and crossing the $3,600 mark. The cryptocurrency is on the rebound after an extended period of trading sideways, making $4,000 the next key level of resistance. Moreover, Ethereum’s upward price action is attributed to a breakout from a rounding bottom formation which signified […] The post Ethereum Price Rally Builds Momentum as Experts Eye $6K and $10K Milestones appeared first on The Coin Republic.",2,neutral,bullish,neutral
fine_tuned_correct_baseline_wrong,"Solana Achieves $110B DEX Volume in November, Outpacing Ethereum

TL;DR Solana surpassed $100 billion in monthly DEX trading volume for the first time, reaching a total of $109.8 billion in November. Factors such as the memecoin frenzy and low transaction fees have driven its remarkable growth, doubling Ethereum’s volume. The network also stands out with 107.5 million active addresses and new all-time highs for ... Read more",2,neutral,bullish,neutral
fine_tuned_correct_baseline_wrong,"Cardano to Step Up Ethereum Rivalry With Layer-2 Solution

Sundae Labs working on new L2 protocol",2,neutral,bullish,neutral
fine_tuned_correct_baseline_wrong,"US SEC approves Bitwise’s combined Bitcoin and Ethereum ETF

The SEC approved a filing from NYSE Arca to list and trade shares for Bitwise's combined bitcoin and Ethereum exchange-traded fund.",0,bullish,neutral,bullish
fine_tuned_correct_baseline_wrong,"Ethereum Aims to Position ETH as the Cryptocurrency for Wall Street, According to Bloomberg

TL;DR Ethereum seeks to establish itself as the preferred blockchain for financial institutions on Wall Street, emphasizing its security and track record. Vitalik Buterin and the Ethereum Foundation support Etherealize, a startup aiming to market Ether within the financial sector. Solana, Ethereum’s direct competitor, has gained ground due to its speed and adoption by popular ... Read more",2,neutral,bullish,neutral
fine_tuned_correct_baseline_wrong,"Ethereum (ETH) Price Prediction for April 2

Is price of Ethereum (ETH) ready for reversal?",1,bearish,neutral,bearish
fine_tuned_correct_baseline_wrong,"Ethereum’s new all-time high in March ‘is highly likely,’ says analyst

Ethereum (ETH) is showing signs of a strong upward move, with technical indicators pointing to a potential rally. According to … Continue reading The post Ethereum’s new all-time high in March ‘is highly likely,’ says analyst appeared first on Finbold.",2,neutral,bullish,neutral
fine_tuned_correct_baseline_wrong,"Ethereum Foundation undergoes leadership restructuring, targeting enhanced technical expertise and ecosystem communication: Vitalik Buterin

The Ethereum Foundation is undergoing major leadership changes as part of a restructuring process that has been in progress for nearly a year, as detailed by Ethereum co-founder Vitalik Buterin in a Jan. 18 statement that outlined the goals and explicit non-goals of the process.The restructuring targets enhancing enhance technical expertise within the foundation's leadership while improving...",2,neutral,bullish,neutral
fine_tuned_correct_baseline_wrong,"MetaMask to launch self-custody crypto card with Mastercard

Wallet provider MetaMask is launching a crypto payments card that will allow users to spend self-custodied funds, offering crypto holders additional ways to use their tokens. The new card is backed by Mastercard and is being developed in partnership with CompoSecure and Baanx, according to the company. The product uses smart contracts to execute the IRL (In Real Life) transactions, with a processing speed under five seconds. It operates on the Linea network, a layer-2 scaling solution on Ethereum",0,bullish,neutral,bullish
fine_tuned_correct_baseline_wrong,"Ethereum sees record single-day inflow with 449K ETH in accumulation addresses

Key Takeaways:Ethereum saw a record 449,000 in ETH inflows to accumulation addresses on April 22. Active addresses rose 10%, signaling growing network engagement, but DeFi activity remains weak with declining DEX volumes. Holders in accumulation addresses remain underwater with a realized price of $1,981. Over the past 10 days, Ethereum inflows into accumulation addresses reached their highest levels since 2018",2,neutral,bullish,neutral
fine_tuned_correct_baseline_wrong,"Crypto Takes Off in Panama: City to Accept Bitcoin, Ethereum for Public Services

Panama City has embraced a new system for paying public services with Bitcoin, Ethereum, USDC, and USDT, using local bank partnership.",0,bullish,neutral,bullish
fine_tuned_correct_baseline_wrong,"EthereumPoW Ecosystem Continues to Grow as Support for Mining Remains

Proof-of-work Ethereum fork ETHW has attracted a lot of support since the Merge transitioned the network away from mining a month ago.",2,neutral,bullish,neutral
fine_tuned_correct_baseline_wrong,"Cardano and Ethereum poised for major breakouts as altcoins surge amid Bitcoin’s $100K approach

8-5-2025 – The cryptocurrency sphere is witnessing a vibrant resurgence, with Bitcoin edging tantalisingly close to the $100,000 threshold. This upward trajectory is not solitary; a cohort of prominent altcoins—Ethereum, Solana, Dogecoin, and Cardano—have each surged by over 3% within a mere 24-hour span, nudging critical resistance points that could herald further gains. Focusing a [.",2,neutral,bullish,neutral
fine_tuned_correct_baseline_wrong,"Don’t believe the noise: There can never be too many L2s

Opinion by: Igor Mandrigin, co-founder and CTPO of Gateway. fmEvery couple of weeks, it seems another layer 2 rolls out, much to the chagrin of some Web3 industry commentators who are concerned about fragmentation. A recent Gemini Institutional Insights report actually noted how a new Ethereum L2 solution is launched approximately every 19 days. In response to the seemingly endless conveyor belt of new zkEVMs and optimistic rollups coming to market, the chorus of criticism continues to grow louder: “This is definitely the saturation point, no more chains are needed",1,bearish,neutral,bearish
fine_tuned_correct_baseline_wrong,"Ethereum Hits $2,700 for First Time Since February, Up 70% in 30 Days

Ethereum (ETH) has surpassed $2,600 on May 13, 2025, and reached $2,700 for the first time since February",2,neutral,bullish,neutral
fine_tuned_correct_baseline_wrong,"Ethereum Price Completes Bullish Structure Break – $3,000 Comes Next

According to a fresh analysis by a crypto analyst, the Ethereum price has broken out of a months-long downtrend, reigniting bullish sentiment across the market. With volume rising and key resistance levels expected to turn into support, Ethereum is set to complete its bullish structure, aiming for a potential break toward $3,000. Ethereum Price Targets $3,000 Breakout The Ethereum price action on the 4-hour chart has reportedly flipped bullish, following a sharp breakout above a long-standing descending trendline that capped its movements since late 2024. As a result, a pseudonymous TradingView crypto analyst identified as ‘Orihadad66’ has predicted that Ethereum could soon see a surge to $3,000",2,neutral,bullish,neutral
fine_tuned_correct_baseline_wrong,"Ethereum surpasses Coca-Cola and Alibaba in market cap after Pectra upgrade surge

12-5-2025 – Ethereum’s native token has eclipsed the market capitalisation of global powerhouses Coca-Cola and Alibaba, following the successful implementation of its highly anticipated Pectra upgrade. Data from 8marketcap reveals Ether has secured its position as the world’s 39th-largest asset, with its value reaching $2,550 and commanding a market capitalisation exceeding $308 billion. This positions [.",2,neutral,bullish,neutral
both_wrong,"Robinhood To Roll Out Standalone Ethereum Wallet

Popular crypto and stock trading platform Robinhood enters the NFT space with a standalone multichain Ethereum wallet similar to the likes of Coinbase and Metamask which are Web3-focused products. The non-custodial crypto wallet allows storage of varied NFTs which is also designed to be compatible with NFT marketplaces. There is a waitlist for Robinhood and […]",1,bearish,neutral,bullish
both_wrong,"Ethereum Whales Purchase Over $6 Million Worth Of APE Tokens

Two of the largest Ethereum whales bought 600,000 APE worth around $6.6 million.",0,bullish,neutral,neutral
both_wrong,"Price analysis 5/2: BTC, ETH, BNB, SOL, XRP, LUNA, ADA, DOGE, AVAX, DOT

BTC and altcoins are holding at their current support levels, but this week’s comments from the Federal Reserve could be a determining factor in short-term price action.",2,neutral,bullish,bullish
both_wrong,"Crypto Price Analysis & Overview October 1st: Ethereum, Ripple, Cardano, Binance Coin, & Uniswap

Ethereum Ethereum is up a solid 9% today as the cryptocurrency surges past $3000 again. The coin has now broken the upper boundary of the previous range that it was trading inside over the past fortnight. The range was between $3150 and $2800 and Ethereum bounced from the lower boundary on Wednesday, where it found […]",2,neutral,bullish,bullish
both_wrong,"Price analysis 9/20: BTC, ETH, ADA, BNB, XRP, SOL, DOT, DOGE, UNI, AVAX

Bitcoin and most major altcoins have dropped to their critical support levels, which is likely to attract strong buying from the bulls.",2,neutral,bearish,bearish
both_wrong,"Former Goldman Exec Talks About Ethereum ($ETH), Polkadot($DOT), and Terra ($LUNA)

Former Goldman Sachs executive Raoul Pal expects a bright future for Ethereum ($ETH), Terra ($LUNA), and Polkadot ($DOT). Prior to founding macro economic and investment strategy research service Global Macro Investor (GMI) in 2005, Pal co-managed the GLG Global Macro Fund in London for global asset management firm GLG Partners (which is now called “Man GLG”). Before that, Pal worked […]",0,bullish,neutral,neutral
both_wrong,"Price analysis 4/21: BTC, ETH, BNB, XRP, DOGE, ADA, DOT, UNI, LTC, BCH

Although Bitcoin is struggling to recover from its recent crash, Ethereum is pushing toward a new high and prompting several altcoins to rally.",1,bearish,bullish,bullish
both_wrong,"Price analysis 3/31: BTC, ETH, BNB, ADA, DOT, XRP, UNI, THETA, LTC, LINK

Bitcoin’s recovery from its recent lows and the stellar performance from altcoins signal that bulls are confident BTC will retest its all-time high.",1,bearish,bullish,bullish
both_wrong,"SatoshiPay receives grant from Stellar to develop layer-2 Pendulum blockchain

SatoshiPay, a blockchain-powered payment solution built on Stellar, announced that it has received a research and development grant from the Stellar Development Foundation to start the production of the Pendulum network; a new second-layer blockchain that connects Stellar to the wider DeFi ecosystem by adding smart contract support and bridges to Ethereum and Polkadot. Connecting […]",2,neutral,bullish,bullish
both_wrong,"Binance Suspends ETH, XLM Withdrawals as XLM Surges to Highest Level Since 2018

Largest crypto exchange Binance pauses ETH and XLM withdrawals due to a massive volume increase, while XLM reached the highest level since 2018",2,neutral,bearish,bearish
both_wrong,"Ethereum Co-Founder Vitalik Buterin Calls Bitcoin Cash a Failure

Ethereum co-founder Vitalik Buterin admits that he was wrong about Bitcoin Cash",2,neutral,bearish,bearish
both_wrong,"Market Wrap: Bitcoin Rises to $38.3K While Ether’s New High Takes Spotlight

DeFi and the prospect of trading futures have crypto investors scooping up ETH.",2,neutral,bullish,bullish
both_wrong,"JPMorgan Says Solana (SOL), Tezos and One More ETH Rival Challenging Ethereum’s Dominance in the NFT Market: Report

An analyst from JPMorgan says that Ethereum (ETH) is losing ground to several competitors which are gaining dominance in the non-fungible token (NFT) market. In a note seen by Markets Insider, analyst Nikolaos Panigirtzoglou said that high fees on the Ethereum network are pushing some users in the NFT market towards cheaper alternatives, presenting a […]",2,neutral,bearish,bearish
both_wrong,"BTC, ETH, XRP, CHZ, HBAR, XMR, HNT — Tech Analysis, June 23

Bitcoin (BTC) and ethereum (ETH) have created bullish hammer candlesticks. BTC has potentially reached the bottom of a bearish impulse.",0,bullish,bearish,neutral
both_wrong,"Tornado Cash Blocks Ethereum Address Linked to Axie Infinity Hack as it Complies to Sanctions

Quick take: The Ethereum mixer of Tornado Cash has blocked several Ethereum addresses highlighted and sanctioned by the US Office of Foreign Assets Control One of the Ethereum addresses belongs to the North Korean hacker group known as Lazarus, responsible for the $625 million Axie Infinity exploit Tornado Cash is using a Chainalysis smart contract to block the Ethereum addresses The popular...",0,bullish,bearish,bearish
both_wrong,"Could You Earn More in the Axie Infinity ($AXS) Metaverse Than a Goldman Sachs Salary?

Recently, 27-year old Sam Peurifoy, Director of Finance at crypto trading firm Floating Point Group, talked about his current evening/weekend hobby of playing Ethereum-powered monster-battle and non-fungible token (NFT) based game Axie Infinity. Here is how the Axie Infinity white paper introduces this game: “Axie Infinity is a Pokémon-inspired universe where anyone can earn tokens through skilled gameplay […]",0,bullish,neutral,neutral
both_wrong,"OIN Finance deploying on Harmony blockchain to create a ONE-backed stablecoin

CryptoNinjas » OIN Finance deploying on Harmony blockchain to create a ONE-backed stablecoin Harmony, a sharding protocol with a trustless Ethereum bridge, has announced that OIN Finance, a decentralized stablecoin issuance & trading platform, will be deploying on Harmony, to create a ONE-backed or ONE-denominated stablecoin. A ONE-backed stablecoin is an important achievement for Harmony, as this helps grow its DeFi ecosystem; and helps establish an important DeFi […] CryptoNinjas » OIN Finance deploying on Harmony blockchain to create a ONE-backed stablecoin",2,neutral,bullish,bullish
both_wrong,"Blockchain Data Indicates $10M Worth Of Ether From The Ronin Exploit In Rotation

More than 5,505 Ether of the Ronin Bridge exploitation seems to be transferred through Tornado Cash, a unique privacy crypto exchange. Blockchain data showed that the address associated with the $625 million Ronin Bridge Attack had begun transferring ether tokens valued at over $10 million. This occurred during the Asian morning hours. The data showed that the Ronin hacker had transferred over...",1,bearish,neutral,neutral
both_wrong,"Binance Coin Market Cap Hits $100 Billion as BNB Prints $654 All-Time High

Binance Coin continues rallying, posts another all-time high, following the example of Ethereum",2,neutral,bullish,bullish
both_wrong,"Bitcoin Price Dipped Below $52K Amid U.S. Treasury Rumors (Market Watch)

The crypto market experienced a massive price slump with bitcoin dumping as low as $51,500, ETH to $1,940, and BNB to $440.",2,neutral,bearish,bearish
both_wrong,"Ethereum killers or just pretenders? But Ether remains king for now

The issue of high gas fees rears its head up for the Ethereum community yet again as “Ethereum killer” networks continue to gain more attention.",2,neutral,bullish,bearish
both_wrong,"Terra to Burn 1.3 Billion UST Tokens as LUNA 2.0 Airdrop Moves Forward

The Terra community has voted through the protocol’s governance system to burn all TeraUSD ($UST) that the project’s community pool held, along with the UST deployed for past liquidity incentives on the Ethereum network. As first reported by TheBlock, roughly 11% of the cryptocurrency’s existing supply is now being burned, meaning 1.3 billion UST are […]",0,bullish,neutral,neutral
both_wrong,"Cardano Whales Devour Dip, Why They Don’t Care About Price Action

Despite the crypto market’s bloodshed, in the past few days, the Cardano (ADA) trading activity has been relentless, and its holders’ balance remains strong with a multi-year high. Into The Block data indicates that the wallet balance held by long-term Cardano holders hit a multi-year high on February 23. “Regardless of the price action, Cardano‘s holders remain strong. The balance held by HODLERS- addresses holding >1 year, is at a multi-year high. These HOLDERS increased their positions to 10.12b $ADA, the largest balance since December 11, 2019.” Despite the geopolitical tension causing the altcoin’s price to drop dramatically, traders have increased their position of Cardano. Holders have accumulated the highest balance of ADA since December 2019. Cardano’s network recent developments might be serving as fuel to its supporters, and as a consequence, many believe its price will climb. “Every bounce is still getting sold off, waiting for a final leg down before a reversal. Would consider buying this at 0.50,” an analyst noted. A Finder’s poll indicated several analysts believe the price of ADA will reach $58 by 2030, and a few thought it might close this year at $2.72, a 160% increase. Many traders received the $58 prediction as an exaggeration unless the Cardano ecosystem truly manages to explode during the following years. Expert Vanessa Harris was also bullish on the altcoin. She expects it to close 2022 around the $3 mark, adding that its criticized slow-paced growth could pay off as nations turn their eyes towards it: “It is one of the few smart contract platforms that have placed security, correctness [and] decentralization at their core, backed by formal methods and peer-reviewed research… While this means Cardano moves more deliberately in the short term, long term this resilience should support adoption by nation-states and non-governmental organizations. We are already seeing this adoption happen in Ethiopia and Tanzania.” However, other experts remained bearish and cited “lack of execution and poor technology” and alleged that “They have failed on their promise of delivery for the last several years.” But however slow, the expansion of its DeFi ecosystem is starting to happen and might support the loyal holders’ sentiment. Related Reading | Cardano Daily Transaction Volume Up, But ADA Prices Remain Sluggish Cardano DeFi Expansion Cardano volumes and transactions are growing as developers focus on building the first dApps solutions and its DeFi space is set to grow. It has even surpassed the on-chain activity of Ethereum ranking 2nd in 24h transaction volume after registering $17.04 billion on February 22. In terms of gaining traction, the decentralized exchange SundaeSwap, an Automated Market Maker DEX, was anticipated by many users and launched at the beginning of the year. It tumbled at the beginning due to congestion. But after some adjustments of the block size done by IOHK, the transactions run smoothly now and SundaeSwap reports a Total Value Locked of $21 million. The boom of NFTs is also contributing to the Cardano blockchain attraction. The non-custodial decentralized exchange ecosystem Arcadex will soon be launched on the network. It has generated enthusiasm for providing a wide variety of DeFi services through both DEX and NFT marketplaces. Despite the slow-paced growth and 6-month downtrend, Cardano is still gaining traction and holders are not letting go. More growth is expected as the Cardano roadmap aims to increase scalability. Related Reading | Bitrue Announces Support For Cardano (ADA) As Base Pair On Exchange Price Of ADA At the time of writing, Ada is down to $0.83, shedding around 0.72% over the past 24 hours.",1,bearish,bullish,neutral
both_wrong,"BTC, ETH and ADA Price Analysis for January 4

Is the cryptocurrency market ready for mid-term growth?",1,bearish,neutral,bullish
both_wrong,"This is what Bitcoin Cash and Ethereum Classic need, to stay relevant in the market

Over the last month, almost every cryptocurrency asset in the top league has managed to make some decent rallies, on the back of larger market sentiment. Some alts such as Cardano (ADA), Solana(SOL), Terra (LUNA), and Avalanche showed stronger rallies. While some others, including Bitcoin Cash and Ethereum Classic, saw notable rallies but weren’t backed […]",1,bearish,bullish,bullish
both_wrong,"Short Traders Get the Short End Of The Stick As Bitcoin Breaks $47,000

Bitcoin price has shattered $47,000 and has left in its wake the bloodbath that is short liquidations. These short traders that obviously expected the previous market trend of low momentum to continue have now incurred hundreds of millions of dollars in losses in the crypto market, and in a very short time too. The bloodbath has not eased up either since bitcoin is still firm in its recovery trend. Bitcoin Traders Get Rekt Bitcoin had been on a slow but steady recovery trend over the past week. However, the weekend would quickly put a stop to this slow trend as the digital asset had surged drastically on Sunday night. This trend continued into Monday, seeing the cryptocurrency break the $47,000 price level, setting a three-month high record for bitcoin. Related Reading | Bitcoin Retakes Robust Position As Price Nears $45,000 This increase in price had seen short traders liquidated almost immediately. These traders who had millions in the market riding on bitcoin continue to fall would see themselves lose millions before the trading market open on Monday. BTC liquidations reach $169 million | Source: Coinglass As usual, bitcoin led the pack in terms of liquidation losses. The digital asset saw tens of millions of shorts liquidated in just a matter of minutes following the price surge. In total, there have been more than $60 million in shorts liquidated in the past 12 hours as of the time of writing. On the 24-hour scale, the numbers are even grimmer given that more than $169 million in liquidations have been recorded. Liquidations Rock Crypto Market On a broader scale, a lot of crypto traders have been burned in just the last 24 hours ago. Most notable was when the price of bitcoin had successfully broken past $45,000. This point is where bears mounted significant resistance and it was expected it will fall once again from this point like it has the past three months. But traders would bear the brunt of this given that over $100 million in BTC and ETH shorts were liquidated in a mere five minutes after this. BTC surges past $47,000 | Source: BTCUSD on TradingView.com Data from Coinglass shows that over $187 worth of liquidations has been recorded in the crypto market in the last 12 hours. While more than $432 million in liquidations have happened in the last 24 hours. Naturally, Bitcoin and Ethereum make up the majority of these liquidations, almost rivaling each other. Related Reading | Here’s Why ADA Could Replicate Ethereum’s 2017 bullish break-out It also shows that a total of 78,079 traders have been liquidated in this one-day period. While Bitmex saw the largest single liquidation order which was valued at $10 million. Featured image from Futurity, charts from Coinglass and TradingView.com",0,bullish,bearish,neutral
both_wrong,"Cardano and Solana Momentum Strategy (DOT & ETH Price Prediction) | Crypto Market Update

A Momentum up move has begun. We show you how to profit from it. ●▬Promotions▬▬▬▬▬▬▬▬▬▬▬▬▬▬▬▬▬▬▬▬● 25% off forever for all plans Code: WIC25ALL Expires 3/31 11:59PM EST ●▬Moon Awards▬▬▬▬▬▬▬▬▬▬▬▬▬▬▬▬▬▬▬▬● Vote for 2022 Moon Awards: https://forms.gle/D3ckxY2i15e6Njk99 Read the 2021 Moon Awards: https://blog.tokenmetrics.com/category/moon-awards/ ●▬▬▬▬▬▬▬▬▬▬▬▬▬▬▬▬▬▬▬▬▬▬▬▬▬▬▬▬● Check out Token Metrics Apparel: https://shop.tokenmetrics.com Link to Crypto Investing Guide Audiobook: http://tmt.link/audible Link to Crypto Investing Guide on Amazon: http://tmt.link/amazon Sign up for Token Metrics at https://tokenmetrics.com Or Sign up for our Weekly Newsletter at https://bit.ly/3B9OVDP for the latest in crypto trends, news and analyses, and promos!! Token Metrics Media LLC is a regular publication of information, analysis and commentary focused especially on blockchain technology and business, cryptocurrency, blockchain-based tokens, market trends, and trading strategies. ●▬▬▬▬▬▬▬▬▬▬▬▬▬▬▬▬▬▬▬▬▬▬▬▬▬▬▬▬● Be sure to subscribe and like the video to let us know you like the content! Podcast: https://tokenmetrics.com/podcast Blog: https://blog.tokenmetrics.com/ Forum: https://forum.tokenmetrics.com/ Follow us on social media below: Telegram Alerts Channel: https://t.me/TokenMetrics Telegram Discussion Group: https://t.me/TokenMetricsDiscussion Twitter: https://twitter.com/tokenmetricsinc Instagram: https://instagram.com/tokenmetrics Facebook: https://facebook.com/tokenmetrics ●▬▬▬▬▬▬▬▬▬▬▬▬▬▬▬▬▬▬▬▬▬▬▬▬▬▬▬▬● Token Metrics Media LLC does not provide individually tailored investment advice and does not take a subscriber’s or anyone’s personal circumstances into consideration when discussing investments; nor is Token Metrics Media LLC, registered as an investment adviser or broker-dealer in any jurisdiction. Information contained herein is not an offer or solicitation to buy, hold, or sell any security. The Token Metrics Media LLC team has advised and invested in many blockchain companies. A complete list of their advisory roles and current holdings can be viewed here: tokenmetrics.com/disclosures. #SOL #ADA #DOT #ETH #TokenMetrics #crypto #Bitcoin #Invest #Ethereum #economy #inflation #money #wealth #cardano #litecoin #livestream #solana #polkadot",0,bullish,neutral,neutral
both_wrong,"Price analysis 2/25: BTC, ETH, BNB, XRP, ADA, SOL, AVAX, LUNA, DOGE, DOT

BTC is etching daily higher lows and altcoins are holding on to their recent gains, suggesting that a market bottom could be in place.",2,neutral,bearish,bullish
both_wrong,"The Slump Is The Perfect Moment For Retail Traders To Gain Exposure To Cryptocurrency, Says Stash CEO With Reasons

Stash CEO expressed his belief that it is a good time for retail traders to get into the market. Krieg has confidence in the long-term viability of the asset class. Altcoins like Ether, XRP, Cardano continue to falter. Stash has recently created an option for their users, retail traders, to gain exposure to crypto. The […]",2,neutral,bearish,bullish
both_wrong,"Which Cryptocurrencies Suffered The Worse Collapse Since All-Time Highs?

Cryptocurrencies all across the market have been suffering major downside since the crash. The crypto market saw a couple of hundred billions shaved off its market cap following this. Bitcoin, Ethereum, and others have all seen their value decline significantly in the space of a week. However, in all of this, some digital assets have been hit harder than others. This report takes a look at...",0,bullish,bearish,bearish
both_wrong,"Apple Vs Bitcoin, Solana DDoS Attack, Buying The Dip, H&M Metaverse & Cardano 2022 Plans

Protect And Store Your Crypto With A Ledger Nano: https://www.ledger.com?r=8af3ed38d3b7 ------------------------------------------- Become A Patreon! https://www.patreon.com/TheModernInvestor ------------------------------------------- MY SECOND CHANNEL: https://www.youtube.com/channel/UCH9HlTrjyLmLRS0iE1P4rrg ----------------------------------------- Check Out My NFTs - New Pieces Drop Daily! https://rarible.com/tmi ------------------------------------------ Open An Account With Binance! https://www.binance.com/?ref=22170588 ------------------------------------------- ----------------------- Want To Send Me A Tip? Bitcoin Donations Address: 1BYhrLpntMYW97sd8K6fquTcr5MYwPAe2y Ripple (XRP) Donation Address: rsoKR5VHJx84oMTYbS7tWg7g5aFebYirVi Ethereum: 0x0e5f5CEFaA9A0713AB6D8F79E6679E22d86C21f6 DOGE Address: DJmfX6vZi6BE1iELwHf2icEMBGz8xKprRM -------------------------------------------------------------------------------- Follow Me On Facebook ! https://www.facebook.com/TheModernInvestor https://www.youtube.com/channel/UC-5H... Follow Me On Twitter: https://twitter.com/ModernInvest ---------------------------------------------------------------------------------- Very Special Thanks To My Patreon Supporters: Professor Wally From Gunbot University Janice W Chan The Letter E Matt Conley FUDWISER Vincent A Leonard UNM NU Have You Tried The Tapioca Richard Bonar Shopping. io Nigel Wyman Prit Tea Radion Barakov Mike Minardo TouchNJ Gerald Nelms CMoney Ray Runowski PoolingETH . com William A Swier Gary Opalka Michelle URL Marvin Calderon Norman Waterman Holdon Ihave2sneeze Digital Asset News Liam O'Cashidey Cory Stevens RTC 2021 Forex Lens Inc Auspicious Agile & Blockchain Yet Another Nick Bitsource AML Solutions Chris Charles Roman Geber David Chosrova Stuart Niven Larry Gooch Tyler Winklevoss NBKrypto Steven Harper Ulf Fatman Josefsson Mohammad Tabbaa Brian Vaci Jeffrey Pete Mozar Cryptocurrency Logic Jonathan Robert Kraus Josh Gorcyca K9 Ytrup Crypto Jedi Truls Lee 3000 O. Tom Chhuong Kaneko Tomonori Sir Thomas11_11 Mike McCarty Crypto And Beer Shipmate ZEN Lunacy VV Nicola Kenny Mr. Smith Joey The Happy Farmer Damien Walker --------------------------------------",0,bullish,neutral,neutral
both_wrong,"Price analysis 12/27: BTC, ETH, BNB, SOL, ADA, XRP, LUNA, AVAX, DOT, DOGE

Bitcoin and most major altcoins have risen from their respective support levels, indicating an improving sentiment.",2,neutral,bullish,bullish
both_wrong,"Crypto Price Prediction: Exchange CEO Warns 2022 Could See Bitcoin Crash Amid Huge Ethereum, BNB, Solana, Cardano And XRP Sell-Off

The chief executive of the U.S.-based Kraken crypto exchange has warned he thinks the bitcoin price could fall dramatically in 2022...",2,neutral,bearish,bearish
both_wrong,"Avalanche (AVAX) Could Surpass Ethereum (ETH) Next Quarter in Terms of This Metric: Analytics Firm Messari

A leading crypto research firm says Avalanche (AVAX) is nipping at the heels of Ethereum (ETH) in terms of daily transaction count. In a new blog post, digital assets research firm Messari notes that Ethereum had an average of approximately 1.17 million transactions per day in the first quarter of 2022. According to the crypto […]",0,bullish,neutral,neutral
both_wrong,"Macro Guru Raoul Pal Says Bitcoin, Ethereum and Three Altcoins Are the Best Core Crypto Holdings

Real Vision CEO Raoul Pal is weighing in on the crypto forecast after weeks of wild swings in the markets. In a series of tweets, the macro guru tells his 827,000 followers why he thinks sentiment towards digital assets has suddenly turned bearish, then suggests what investors can do in both the short and longer […] The post Macro Guru Raoul Pal Says Bitcoin, Ethereum and Three Altcoins Are the Best Core Crypto Holdings appeared first on The Daily Hodl.",0,bullish,neutral,neutral
both_wrong,"$2,800,000,000 Crypto Whale Scoops Up Shiba Inu (SHIB) on Binance Smart Chain As Others Stack Ethereum (ETH) and Polkadot (DOT)

The largest crypto investors in the Binance Smart Chain (BSC) ecosystem are gathering massive amounts of a popular meme coin as well as two competing blockchain protocols. New data from WhaleStats analyzing the behavior of the 1,000 largest BSC addresses excluding known crypto exchanges reveals that the richest wallet is taking a major interest in […]",0,bullish,neutral,neutral
both_wrong,"JPMorgan Claims Institutions Are Ditching Bitcoin for Ether

Institutional demand is much healthier for Ether compared to Bitcoin, says JPMorgan",1,bearish,bullish,neutral
both_wrong,"Institutional traders flock to Solana as demand for ETH and BTC flattens

Institutions were betting big on Solana investment products last week, with SOL-tracking products attracting 86.6% of institutional inflows to digital asset products last week.",1,bearish,bullish,neutral
both_wrong,"Bloomberg’s McGlone: Ethereum Will ‘Flip’ Bitcoin When World Transacts with USDT

Since its launch, Tether has almost always gone up and coincided with an increase in bitcoin's value for the long-term view, Mike McGlone, senior commodity strategist at Bloomberg Intelligence, said.",1,bearish,bullish,neutral
both_wrong,"Bitcoin, Ether Flash “Bottoming Out” Signal As Whale Transactions Hit Multi-Year Highs

That said, despite price ignoring key support levels, experts have mapped out various on-chain metrics that could prove crucial in rendering a price turnaround.",2,neutral,bullish,bearish
both_wrong,"Elon Musk Offers Devs Specific Directions on Making Dogecoin Superior to Bitcoin and Ethereum

Elon Musk continues Twitter discussion with DOGE developers on how to improve Dogecoin, offering them specific directions this time",1,bearish,bullish,neutral
both_wrong,"DOGE coin MANIA taking over! Crypto with Friends

Crypto with Friends: Meme coin mania? Today we have Nate (Cryptonauts), John (Genesis Block), and Darius (Drops) to discuss meme coins, where this mania is heading, and more. 00:00 Intro 05:04 Market Review 05:20 Ethereum $ETH predictions? 11:21 More meme coins - $WOOFY, $DOGE, $SHIB 15:06 $YFI up 50% 19:52 $DROPS Collectibles just the start of NFTs 32:27 $SOCKS at 90k?! 35:34 Reacting to Tiktok crypto vids $ECP $SAFEMOON 42:12 $OMG X Layer 2 solution 48:28 SECRET ALPHA LEAK: How to save gas fees with NO frontrunning ●▬▬▬▬▬▬▬Recommendations▬▬▬▬▬▬▬● 📖 Guides, tutorials and insights: https://boxmining.com/ Recommendation List: https://www.cryptoatlas.io/Boxmining 🌼Buy & Sell Bitcoin: https://join.swissborg.com/r/michaeOQZM 🔒Hardware Wallet: http://boxmining.co/ledger 👍🏻Brave Browser: http://boxmining.co/brave 📲FTX Exchange : http://boxmining.co/ftx 📲Binance Exchange : http://boxmining.co/binance ●▬▬▬▬▬▬▬▬▬▬Community▬▬▬▬▬▬▬▬▬● Boxmining clips: https://www.youtube.com/channel/UCjFy3VBgOZanySOLhQu6GaQ Boxmining News Website: https://www.boxmining.com/ Telegram Announcements: https://t.me/boxminingChannel ●▬▬▬▬▬▬▬▬▬▬▬Social▬▬▬▬▬▬▬▬▬▬▬● Twitter: https://twitter.com/boxmining Discord: https://discord.gg/9qCpqpZm8G Facebook: https://www.facebook.com/boxmining ●▬▬▬▬▬▬▬▬▬▬Disclaimer▬▬▬▬▬▬▬▬● I'm not a professional financial adviser and you should always do your own research. I may hold the cryptocurrencies talked about in the video.",1,bearish,neutral,bullish
both_wrong,"ECB President Issued A ‘Suspicious’ Warning Over Bitcoin, Ethereum, Cardano, BNB, XRP, Solana, And Dogecoin After Huge Price Explosion

ECB president Christine Lagarde has warned cryptocurrencies aren't currencies and should be treated as ""highly speculative"" and ""suspicious""...",2,neutral,bearish,bearish
both_wrong,"Ether Continues To Trump World’s Top Corporations Amid Fierce Competition From Cardano, Solana, Polkadot

Ethereum’s market cap sits at $360.37 billion which is larger than the valuation of top brands in the world. Since launch, the asset has played second fiddle to Bitcoin and has had to grapple with some of the sternest challenges that threatened its existence. The community is confident that the dark days are over and […]",0,bullish,neutral,neutral
both_wrong,"Why this crypto influencer is ‘very bullish’ on Polkadot ‘in the run up to parachains’

With all the excitement swirling around Bitcoin and Ethereum in recent days, not many investors might be talking about the eighth-biggest blockchain by market cap. However, DOT has been bullish since around late-September and at press time, was trading at $43.78. However, one crypto influencer is excited about what the future holds for Polkadot and its […]",0,bullish,neutral,neutral
both_wrong,"Here Are Ethereum’s 5 Biggest Competitors According to Crypto Analyst Lark Davis

In a recent video for his very popular YouTube channel, popular New Zealand-based crypto analyst and influencer Lark Davis (@TheCryptoLark on Twitter) talked about five major blockchains that could take market share from Ethereum. Davis made his comments in a video he released on April 14. Davis prefaced the video by calling himself a “massive” Ethereum supporter but noted the […]",0,bullish,neutral,neutral
both_wrong,"DeFi’s Curve Finance Is Branching Out to Polkadot

It costs a lot to swap assets on Ethereum. Curve Finance is building a version on Polkadot to enable a multi-chain future.",0,bullish,neutral,neutral
both_wrong,"Roughly 1 in 5 U.S. adults heard about Kim Kardashian’s promotion of “Ethereum Max”

Roughly one in five adults reported seeing something about Kim Kardashian’s Instagram post promoting the cryptocurrency Ethereum Max, according to data intelligence company Morning Consult.",1,bearish,neutral,neutral
both_wrong,"COVID-19 Vaccine Certificates Sold on the Darkweb for BTC and ETH

Fraudsters operating on the Darknet are now trading coronavirus vaccines and vaccination passports in exchange for digital assets.",1,bearish,neutral,bullish
both_wrong,"Recent IRS Memorandum Reaffirms Bitcoin, Ether & Litecoin Exchanges Are Not Like-Kind

IRS reaffirms that crypto-to-crypto trades (BTC, ETH & LTC) are not eligible for the like-kind of exchange treatment.",1,bearish,neutral,neutral
both_wrong,"MASSIVE! This Will Send ETHEREUM to $20K!!! BITCOIN Billionaire Secret Investor REVEALED!!

Why the Tesla news is just the beginning for a massive chain reaction of #Bitcoin investment. This could send the price of #BTC fart beyond previous price predictions! Is #Ethereum next? Will 2.0 & EIP-1559 send $ETH to $20k and beyond? 🔷 Join Phemex Exchange ►► http://phemex.kdub.co **($650 BONUS)** 📺 Phemex Tutorial: https://youtu.be/jpIk167Af2g 🔶 Join ByBit Exchange ►► http://bit.ly/BybitRewards 🔥 Get Up To *$120 BONUS* (Use Above Link👆) 🔑 For Rewards Use Promo Code: *JACKPOT* 📺 ByBit Tutorial: https://youtu.be/22UuFZhl2HQ ——————————————————————————————————— 🔳 Join PrimeXBT Exchange ►► http://PrimeXBT.kdub.co ****Get a 50% BONUS with Code: CryptoZombie**** 📺 PrimeXBT Tutorial: https://youtu.be/E48Ik6jbviY 🧝‍♂️ Elrond MAIAR 👉 https://get.maiar.com/referral/bvx5tlgd3o 🤖 BTC & Altcoin Trading Bot ►► http://3commas.kdub.co ****FREE TRIAL + Get 10% OFF by using link above**** 🔥 Ledger Nano Wallets ►► http://ledger.kdub.co 📺 Ledger Nano X Tutorial: https://youtu.be/zShw2X5lRhs 🚀 Unstoppable Domains ►► http://unstoppabledomains.kdub.co 🔺Brave Browser ►► https://brave.com/cry542 🧟‍♂️ “Crypto Zombies” FREE Telegram ►► https://t.me/joinchat/E67b8w-hQrMsZebuCC6peg 🧟‍♂️ 📈 Trading View Charts ►► https://www.tradingview.com/gopro/?share_your_love=K-DUB 💡 MINDS.com ►► http://www.minds.kdub.co ⚡️ My Recommended Products: http://www.cryptoatlas.io/cryptozombie 🔥 My Favorite Coins: http://www.cryptoatlas.io/cryptozombie/coins Intro Credit: https://www.reddit.com/r/cryptocurrencymemes/ ⏰ *Timestamps:* 0:00 Intro 3:14 Bitcoin Analysis 5:29 Tesla Spotted! 6:26 Info Leaked 7:09 The Next Big Investor? 9:03 Disbelief 10:27 Ethereum Analysis 11:57 Layer 2 Scaling 13:25 ETH Game Changer 18:48 Altcoin Updates 20:23 Blockfolio Mishap 🔹Buy BTC on Coinbase ►►http://Coinbase.kdub.co 🔥 🧟‍♂️ SUBSCRIBE to BACK-UP CHANNEL HERE 👉 https://www.youtube.com/channel/UCwUDkIXVsfjXnsBylzLEVUw?sub_confirmation=1 Trade Cryptos on Huobi ►► http://Huobi.kdub.co Trade Cryptos on Bibox ►► http://Bibox.kdub.co Trade Cryptos on KuCoin ►► http://KuCoin.kdub.co Follow me on Twitter ►► http://twitter.com/TheCryptoZombie Join The Telegram ►► https://t.me/joinchat/E67b8w-hQrMsZebuCC6peg DISCLAIMER: Crypto Zombie is not a financial advisor. This is not financial advice. Everything said in this video is the sole opinion of those who appear in it. The statements in this video are not investment or trading advice. This video is intended solely for educational and/or entertainment purposes only. Always do your own research before investing. Trading cryptocurrencies is extremely risky. Do not trade on any exchange that prohibits trading from your geographical region. Never invest more than you can afford to lose. Crypto Zombie is not responsible for your losses or gains as a result of buying, selling, or trading cryptocurrencies. This video, description and/or comments may contain affiliate links. By utilizing any of the these links you are helping to support the channel as we do receive a commission. Thank you for your support! UNREAL!!!!! THE BITCOIN MOMENT WE HAVE WAITED FOR!!! [This Is Bigger Than You Think] https://youtu.be/EwCpYHouCqc Watch this video again because it's awesome: https://youtu.be/Aqz2Wyd-TmA #BitcoinNews #cryptocurrency #altcoins #blockchain #cryptozombie #crypto #btc #bch #bsv #ethereum #eth #ripple #xrp $BTC $ETH $XRP",1,bearish,neutral,bullish
both_wrong,"Whales profit as high Ethereum gas fees sideline retail DeFi investors

High gas fees on the Ethereum network are making it nearly impossible for retail investors to interact with DeFi protocols but the same doesn’t apply to whales.",1,bearish,neutral,bullish
both_wrong,"Ethereum’s Shadow Fork Test Successful Ahead of Proof of Stake Upgrade (The Merge)

Ethereum tests on shadow fork prove successful ahead of the much-anticipated upgrade to a proof of stake blockchain network",2,neutral,bullish,bullish
both_wrong,"Two NFT Rugpullers Arrested for a $1.1 Million NFT Scam

NFT scammers that accumulated over a million in ETH and rugpulled the project were arrested in the United States.",0,bullish,bearish,bearish
both_wrong,"TA: Ethereum Recovery Runs Into Resistance, Why Dips Could be Limited

Ethereum found a strong support near the $2,300 zone against the US Dollar. ETH price is rising and might rally if it clears the $2,750 resistance zone. Ethereum started a major recovery wave from the $2,300 support zone. The price is now trading above $2,500 and the 100 hourly simple moving average. There is a key bullish trend line forming with support near $2,520 on the hourly chart of...",2,neutral,bullish,bullish
both_wrong,"OpenSea smart contract upgrade to delist inactive NFTs on Ethereum

As a part of the planned upgrade, all OpenSea users will need to migrate their existing NFT listings to a new smart contract.",0,bullish,neutral,bearish
both_wrong,"FTX US President Says Bitcoin Will Steadily Lose Market Share to Ethereum (ETH), Solana (SOL) and Other Altcoins

The president of a top-US crypto exchange says Bitcoin’s (BTC) market share dominance is not guaranteed in the future. In a new interview with CNBC’s Squawk Box, FTX.US president Brett Harrison says altcoins like Ethereum (ETH) and Solana (SOL) are eating into BTC’s share of the pie. According to Harrison, the trend of Bitcoin’s dominance over the crypto market […]",0,bullish,bearish,neutral
both_wrong,"How far might the ‘Ethereum-killer’ tag go to benefit retail SOL buyers in 2022

The Coronavirus pandemic and paying the gas fee on the Ethereum blockchain are two things that are poles apart. However, the struggle to overcome both problems has been the same. And, that’s exactly where Solana enters the picture. In fact, crypto-billionaire Sam Bankman-Fried called Solana, the next big blockchain of 2022. Notably, Solana promises to […]",0,bullish,neutral,neutral
both_wrong,"OnlyFans launches verified NFT profile pictures

The popular subscription platform OnlyFans, known for its adult content, will now let users post verified NFTs as profile pictures. The platform will only support NFTs minted on the Ethereum blockchain and will show an Ethereum icon on NFT profile pictures to mark them as authentic. The company said it introduced NFT profile pictures in […]",0,bullish,neutral,neutral
both_wrong,"Bitcoin and Ethereum Are in Early Adoption Days, Says Bloomberg Intelligence Analyst

Bloomberg’s Mike McGlone is convinced that the prices of Bitcoin and Ethereum will most likely continue marching higher",2,neutral,bullish,bullish
both_wrong,"More Wins For XRP As Ripple Gains Access To Email Of Hinman’s Landmark Speech About Ethereum Being A Non-Security

A new turn in Ripple’s ongoing case surfaces. Ripple racked up another victory on Thursday as a federal judge ruled that the fintech startup can access the emails concerning a speech in which a former SEC official declared Ethereum is not a security. The ruling is significant because it could help Ripple make a strong […]",2,neutral,bullish,bullish
both_wrong,"Ethereum Is Worth Investing in as Software: Shark Tank's Kevin O'Leary

Kevin O'Leary explains to large tech investors why it is worth putting money in Ethereum and Bitcoin as software",0,bullish,neutral,neutral
both_wrong,"Ether’s growth as independent asset fuels ETH-BTC flippening narrative

There is growing data to suggest that the coming few months and years could see Ether truly deliver on its ‘flippening’ promise.",2,neutral,bullish,bullish
both_wrong,"Polygon (MATIC) Creates $200,000,000 Fund With Reddit Co-Founder To Back Games and Social Media on Blockchain

Polygon (MATIC) is partnering with Alexis Ohanian, one of the co-founders of social giant Reddit, to launch a new $200 million fund that aims to back projects at the intersection of social media and Web 3.0. Polygon is a scaling solution designed to enable the widescale adoption of decentralized apps (DApps) on the Ethereum blockchain. […]",2,neutral,bullish,bullish
both_wrong,"Analyst: ‘Deflationary forces’ present an optimistic outlook for BTC, ETH in 2022

Consider the hypothesis: deflation could swap inflation next year. Well, if that’s the case, cryptocurrency can prevail over other asset classes. This is the hypothesis based on which Bloomberg Intelligence analyst Mike McGlone is bullish on the outlook for Bitcoin and Ethereum in 2022. He says “deflationary forces” will take the crypto assets to new […]",0,bullish,neutral,neutral
both_wrong,"Ethereum (ETH) Average Gas Down 50% in Six Weeks: Possible Reasons

Ethereum (ETH) gas price is in downtrend since October, here's why",2,neutral,bearish,bearish
both_wrong,"What is ENS (Ethereum Name Service) and how does it work?

ENS allows for a readable username that is portable across dApps and blockchains. Why is it important for the Web 3.0 world? Forkast.News explains.",0,bullish,neutral,neutral
both_wrong,"Huge Ethereum Whale Adds 72 Billion Shiba Inu ($SHIB) to Its Portfolio

One of the largest Ethereum whale wallets with nearly $300 million in assets has recently added 72 billion SHIB tokens, worth just over $2.5 million, to its portfolio. The meme-inspired cryptocurrency is the whale’s largest holding. The movement was first spotted by whale monitoring resource WhaleStats, which pointed out the transaction came from an Ethereum […]",0,bullish,neutral,neutral
both_wrong,"BitMart CEO confirms repayment of lost funds; to resume services from 7 December

The ongoing bloodshed in the crypto market has created a lot of panic amongst the users. To make things worse, the BitMart exchange suffered a $200 million hack which further aggravating anxiety amongst participants. It became victim to a hot wallet compromise hosted over the Ethereum (ETH) and Binance Smart Chain (BSC) blockchains. Marching forward […]",0,bullish,bearish,bearish
both_wrong,"Ethereum Breaks New Record Amid 13% Rally, Options OI Reaches $7 Billion

Ethereum breaks another market prior to end-of-year rally",2,neutral,bullish,bullish
both_wrong,"SHIB Becomes Largest Holding of ETH Whales as They Keep Buying Shiba Inu, Flipping FTT

Shiba Inu has surpassed FTT as the token with the biggest USD value for top Ethereum whales; here's how much SHIB they are holding now",0,bullish,neutral,neutral
both_wrong,"Brazil’s First Bitcoin ETF Raises $112 Million

Brazil’s biggest stock exchange, B3, has listed an ETF that mostly tracks bitcoin, ethereum and other cryptos like Chainlink or Litecoin. In exceeding expectations by 150%, the ETF raised 615...",2,neutral,bullish,bullish
both_wrong,"Top Trader Scott Melker Analyzes Ethereum, XRP and Litecoin, Predicts Massive Altcoin Breakout Against Bitcoin

Crypto strategist Scott Melker is detailing his current outlook on Bitcoin, Ethereum, Litecoin and XRP. Melker says BTC’s dip to around $62,000 after Coinbase hit the stock market on Wednesday is no surprise. “That’s a really, really classic textbook trade, something like that. Now, as you know, when you’re trading these, you don’t put it […]",0,bullish,bearish,neutral
both_wrong,"Metaverse gaming tokens Ethverse and Axie Infinity avoid crypto downtrend

Metaverse gaming tokens, including The Sandbox’s SAND and Axie Infinity’s AXS, have bucked the downtrend in Bitcoin and Ether.",0,bullish,bearish,neutral
both_wrong,"EY selects Polygon to scale its enterprise blockchain products on Ethereum

EY is integrating its blockchain products with Polygon to mitigate the high fees and congestion associated with transacting on the Ethereum mainnet for its enterprise clients.",2,neutral,bullish,bullish
both_wrong,"Polygon and Aleph.im partner to protect NFTs from disappearing

Fast-growing Ethereum scaling platform Polygon and decentralized storage network Aleph.im join forces to ‘supercharge’ Polygon's NFT ecosystem.",2,neutral,bullish,bullish
both_wrong,"These Four Crypto Assets Gearing Up for New All-Time Highs, Says Top Analyst

Seasoned crypto trader and analyst Smart Contracter is calling for new all-time highs (ATH) in four crypto assets in the nascent decentralized finance (DeFi) space. Amid a steep and broad crypto correction, Smart Contracter still appears bullish on lending and borrowing protocol Aave, automated market maker SushiSwap (SUSHI), and layer-2 Ethereum scaling network Polygon (MATIC). […]",2,neutral,bullish,bullish
both_wrong,"Ethereum-Challenger Solana (SOL) Launches New Peer-to-Peer Payments Feature

Smart contract platform Solana (SOL) is launching a new peer-to-peer payments feature that lets customers directly pay merchants. According to an announcement by Solana Labs, consumers can now deposit cryptocurrencies or fiat dollars directly into vendor accounts for less than the cost of a penny using Solana Pay, cutting out the need for expensive intermediaries […] The post Ethereum-Challenger Solana (SOL) Launches New Peer-to-Peer Payments Feature appeared first on The Daily Hodl.",0,bullish,neutral,neutral
both_wrong,"Tether Users Flee to TRON From Ethereum Amid High Fees

Transactions using Tether dollar-pegged stablecoins on the TRON blockchain are outpacing those on Ethereum.",0,bullish,bearish,bearish
both_wrong,"Top Crypto Analyst Charts Path for VeChain and UniSwap, Says Bitcoin and Ethereum Could Hit These New All-Time Highs

Analyst and trader Justin Bennett is predicting new all-time highs as he provides the outlook for four top-30 crypto assets. In a newsletter, the crypto analyst says that if Bitcoin (BTC) replicates the 2017 price action, it could hit $80,000 sometime in November. “…if Bitcoin continues following its 2017 fractal, we should see prices reach $80,000 […] The post Top Crypto Analyst Charts Path for VeChain and UniSwap, Says Bitcoin and Ethereum Could Hit These New All-Time Highs appeared first on The Daily Hodl.",0,bullish,neutral,neutral
both_wrong,"dYdX continues to attract users, rubs shoulders with Coinbase, Uniswap

The market is running hot and most crypto products were seeing great interest from investors to secure their earnings. One such product was the Ethereum-based leverage trading protocol, dYdX. The decentralized exchange was noting tremendous interest from the users and this was reflected in daily trading volume surging past $10 billion, flipping prominent exchanges like […]",2,neutral,bullish,bullish
both_wrong,"Vitalik Buterin Proposes Stopping Ethereum Gas Refunds

Ethereum’s co-creator, Vitalik Buterin, has posted a proposal to remove gas refunds in the blockchain’s London update. Vitalik Buterin Seeks Refund Removal Buterin posted a proposal, titled EIP-3298, on Ethereum’s Github page this week. He suggests removing gas refunds for the “SSTORE” and “SELFDESTRUCT” functions in Ethereum’s London update. Ethereum currently allows users to...",2,neutral,bearish,bearish
both_wrong,"Judge allows Ripple to depose SEC official who decided ETH is not a security

Bill Hinman could be called to testify on his 2018 comments regarding Ethereum’s security status.",0,bullish,neutral,neutral
both_wrong,"Top Stories of the Weekend: Ethereum and BNB Reach New ATH, While Peter Brandt Claims XRP Could Hit It Too

Explosive altcoin rallies, surprising thaw in XRP/SEC drama, NFT euphoria cools off: U.Today picks of the weekend",2,neutral,bullish,bullish
both_wrong,"BTC, ETH and XRP Price Analysis for March 17

Can XRP and Ethereum (ETH) continue rising faster than Bitcoin (BTC)?",2,neutral,bullish,bullish
both_wrong,"Solana (SOL) Price Plunges On FTX Rumors, Buy Or Sell Now?

Amid the bankruptcy proceedings of crypto exchange FTX, the market is in a state of heightened anxiety, and Solana (SOL) in particular saw a 7% drop in price yesterday following the spread of rumors. FTX is scheduled to appear in Delaware Bankruptcy Court on Wednesday, September 13, to seek approval for the liquidation of $3.4 billion in SOL, FTT, BTC, ETH and other crypto assets. The event...",2,neutral,bearish,bearish
both_wrong,"Tornado Cash Sanctions Called “Unprecedented And Unlawful” By The Blockchain Association

The Blockchain Association and DeFi Education Fund have filed an amicus brief calling the U.S. Treasury Department’s decision to sanction Tornado Cash “unprecedented and unlawful.” Until OFAC imposed sanctions, Tornado Cash was the most popular privacy-protecting tool on Ethereum, the world’s second-largest digital asset platform. The software is self-executing computer software published on...",0,bullish,neutral,bearish
both_wrong,"Vitalik Buterin Says More Needs To Be Done To Improve Ethereum’s (ETH) User Experience

Vitalik Buterin thinks the Ethereum (ETH) user experience (UX) still needs to improve significantly, especially regarding transaction inclusion. The Ethereum creator says in a new blog that “simple and robust” user interfaces (UI) are preferable to “fancy and sleek ones.” “Good user experience is not about the average case, it is about the worst case. […]",1,bearish,bullish,neutral
both_wrong,"JPMorgan Believes BTC Will Drop to $13,000, Elon Musk Shares Twitter’s Plans, Arthur Hayes Predicts SOL for $3 and ETH for $750: Crypto News Digest by U.Today

Check out the latest crypto news and updates in the industry with the U.Today news digest!",1,bearish,neutral,neutral
both_wrong,"“Cardano Doesn’t Need Cryptocurrency To Be Successful in Order To Succeed”, Says IOG CEO

Earlier today, Charles Hoskinson, Co-Founder and CEO of IO Global (aka “IOG”, formerly known as “IOHK”), the company responsible for Cardano’s R&D, talked about Ethereum Foundation’s attitude toward him and Cardano. Background The original Ethereum white paper (titled: “Ethereum White Paper: A next-generation smart contract and decentralized application platform”) was written by...",1,bearish,neutral,neutral
both_wrong,"SEC Charges Crypto Influencer, Appears To Suggest All Ethereum (ETH) Transactions Fall Under US Jurisdiction

The U.S. Securities and Exchange Commission (SEC) is filing charges against crypto influencer Ian Balina for his alleged involvement in the 2018 initial coin offering (ICO) of the SPRK token. In a complaint filed with the U.S. District Court for the Western District of Texas on September 19th, the SEC says it is taking legal […]",1,bearish,neutral,bullish
both_wrong,"CLAIM: SEC Allegedly Delays Grayscale’s Ethereum Futures ETF Application

According to breaking information, the SEC decided to postpone the decision day on the Ethereum Futures ETF for which Grayscale applied. Grayscale made the application in question on September 20, 2023. The application was made pursuant to the provisions of the Securities Exchange Act of 1934 and the rule amendment filed by the NYSE with […] Continue Reading: CLAIM: SEC Allegedly...",0,bullish,neutral,bearish
both_wrong,"Uniswap lawsuit judge calls Ether a commodity in dismissal order

United States District Court Judge Katherine Polk Failla is also the judge overseeing the Securities and Exchange Commission’s lawsuit against crypto exchange Coinbase.",0,bullish,bearish,neutral
both_wrong,"Massive Whale Trades 10.000 Ethereum After Grayscale Wins the Lawsuit

A huge cryptocurrency whale made heavy transactions after the Grayscale lawsuit decision was announced, according to onchain data. Continue Reading: Massive Whale Trades 10.000 Ethereum After Grayscale Wins the Lawsuit",0,bullish,neutral,neutral
both_wrong,"SEC Cannot Call ETH Security and Approve ETH Futures ETF: Analyst

Adam Cochran, a partner at Cinneamhain Ventures, has stated in a recent Twitter post that the SEC cannot simultaneously argue that ETH is a new intrinsic “crypto asset security” that is unregistered, and approve an ETH Futures ETF. â€œYou couldn’t have a futures ETF made out of an unregistered security,â€ argued the crypto analyst. The […]",1,bearish,neutral,neutral
both_wrong,"XRP makes over 1 million transactions daily; Here’s why it matters

Both the XRP Network (XRP) and the Ethereum Network (ETH) are among the most used crypto networks, considering the daily … Continued",0,bullish,neutral,neutral
both_wrong,"Ether’s Post-Shanghai Rally Knocks Bitcoin Dominance From 21-Month High

ETH’s share of the total crypto market capitalization rose to a one-month high, according to TradingView data.",2,neutral,bullish,bullish
both_wrong,"Shiba Inu Now Largest Held Asset After USDC for Ethereum Whales, Price Adds 4%

Number of Shiba Inu holders has seen immense growth in recent months",2,neutral,bullish,bullish
both_wrong,"Here’s What’s Next for Cardano (ADA), Dogecoin (DOGE) and Polygon (MATIC), According to Popular Crypto Analyst

A popular crypto analyst is identifying the next moves to be made by three digital assets, including Ethereum (ETH) rival Cardano (ADA) and leading meme token Dogecoin (DOGE). The pseudonymous analyst known as Altcoin Sherpa tells his 187,000 Twitter followers that ADA doesn’t look ready to catch a bid despite being 90% down from its […]",0,bullish,bearish,bearish
both_wrong,"Dogecoin Competitor Shiba Inu Erupts, Hitting $10,000,000,000 Market Cap As Bitcoin and Ethereum Tap Resistance

Capital in the crypto markets is shifting to meme coins as a new week kicks off. The Ethereum-based dog-themed crypto asset Shiba Inu (SHIB) soared 40% in the last 24-hours, briefly shattering a $10,000,000,000 market cap. The Dogecoin (DOGE) rival’s rise from $0.00001259 to as high as $0.00001762 comes just after Bitcoin and Ethereum tapped […]",1,bearish,bullish,neutral
both_wrong,"Report Shows Growth In Multiple Ethereum Layer 2 Networks; Polygon Leads The Pack

The importance of Layer 2 solutions is becoming much more glaring as web3 adoption continues to grow paving a way for developers to launch without compromising speed for scalability.",2,neutral,bullish,bullish
both_wrong,"Polygon Unique Addresses Grew 12% in Q2 Despite Market Crash

The massive growth of bridge aggregators has indicated a possible wave of user migration from Ethereum to Polygon",2,neutral,bullish,bullish
both_wrong,"Crypto Trader Says Cardano Could Be Mirroring Past Cycle, Predicts ADA Could Surge 100% by Late December

A popular crypto trader thinks Ethereum (ETH) competitor Cardano (ADA) could be mimicking price movement from a past market cycle and primed to surge soon. The crypto analyst Ali Martinez tells his 32,800 followers on the social media platform X that ADA’s current consolidation trend “eerily mirrors” the asset’s 2018-2020 phase if the 2020 COVID-19 […]",1,bearish,bullish,neutral
both_wrong,"Aave Pushes for Proposal to Support Ethereum PoS Exclusively

The tug of war between the two camps - PoS and PoW - in Ethereum has intensified.",0,bullish,bearish,neutral
both_wrong,"Concerning revelation: PayPal’s stablecoin can wipe out account balances

PayPal launched its stablecoin on the Ethereum blockchain. Huobi has already announced it will launch the new stablecoin. The PYUSD has an “assetProtection” role that can wipe your balance in two transactions (first `freeze`, then `wipeFrozenAddress`). The recently launched Paypal stablecoin, the Paypal USD (PYUSD), has been reviewed by Pashov, an expert in smart contracts […]",1,bearish,neutral,bullish
both_wrong,"Terra Classic Price Prediction - Why Is LUNC Pumping FOMC Week

The LUNC price is pumping again, up 15% this week and back in the five top crypto gainers today on Binance, just behind ApeCoin. This latest LUNC pump is a considerable show of strength by the bulls - with the Bitcoin price still trading under $20,000 and Ethereum under $1,400 as market sentiment moves 'risk off' heading into the FOMC meeting Wednesday.... Read More: Terra Classic...",1,bearish,bullish,neutral
both_wrong,"Ripple CEO: “It’s Inevitable There’s Gonna Be” Spot ETFs for XRP, SOL, and ADA in the U.S.

On Thursday, at the Consensus 2024 conference, which is being held in Austin, Texas, Ripple CEO Brad Garlinghouse shared his thoughts on the future of spot crypto ETFs in the United States. With the recent approval of spot Bitcoin ETFs and advancements in the U.S. SEC’s approval process for spot Ethereum ETFs, Garlinghouse confidently predicted […]",1,bearish,bullish,bullish
both_wrong,"Here’s Why VanEck Thinks Ethereum ETFs Could Outpace Bitcoin Funds

In addition to Kanade's controversial belief that Ethereum ETFs will outpace Bitcoin funds, he placed the odds of the SEC approving the former at 50%.",0,bullish,neutral,neutral
both_wrong,"U.S. spot ETH ETFs delayed; SEC asks for resubmission of S-1 forms by July 8

According to Eric Balchunas, senior ETF analyst for Bloomberg, the U.S. Securities and Exchange Commission (SEC) has asked prospective spot Ethereum exchange-traded funds (ETFs) issuers to re-file their S-1 forms by July 8. This would delay the launch of the Ethereum ETFs to mid-July or later, pushing it from its expected launch date of July […]",2,neutral,bearish,bearish
both_wrong,"RLUSD Unveiled: Ripple’s Bold Move into the $3 Trillion Stablecoin Market

Ripple has confirmed the launch of a new stablecoin, RLUSD, on both the XRP Ledger and the Ethereum main chain. This move, announced by Ripple CTO David Schwartz recently, aims to meet the growing demand for stablecoins and leverage Ripple;s expertise in cross-border payments. Read on to find out how this launch could shape the …",2,neutral,bullish,bullish
both_wrong,"Ethereum ETF S1 approval likely by this summer, SEC’s Gensler suggests

SEC Chairman Gary Gensler has indicated that the approval of the S1 for an Ethereum ETF could be expected in the coming summer. https://twitter.com/tier10k/status/1801261940615848004?s=61&t=LDZXqRvsshh-4HJO-EajEAThe SEC has approved 19b-4 forms for multiple Ethereum ETF issuers, including VanEck and BlackRock, signaling a change in regulatory stance. However, the S1 forms, which require...",2,neutral,bullish,bullish
both_wrong,"Wintermute CEO Predicts Leadership Will Doom Ethereum

Wintermute CEO Evgeny Gaevoy predicts Ethereum's downfall due to leadership conflicts, sparking a heated debate within the crypto community.",0,bullish,bearish,bearish
both_wrong,"Gemholic Vanishes After $3.5 Million ETH Withdrawal

Gemholic vanishes with $3.5M in ETH, raising alarms of a potential scam and highlighting the urgent need for stronger crypto security measures.",0,bullish,bearish,bearish
both_wrong,"BlackRock's Ethereum Tokenized Fund ‘Brings Legitimacy’: Bernstein

AllianceBernstein analysts said the move will help traditional investors see crypto as more than “retail casinos.”",2,neutral,bullish,bullish
both_wrong,"BREAKING: SEC Allegedly Campaigning to Classify Ethereum as a Security

According to the claim made by Fortune, the SEC is campaigning to classify Ethereum as a security. Details coming… *This is not investment advice. Continue Reading: BREAKING: SEC Allegedly Campaigning to Classify Ethereum as a Security",1,bearish,neutral,bullish
both_wrong,"Coinbase met with SEC over spot Ethereum ETFs

According to documents about the meeting, Coinbase said that the ether ETFs would also be counted as commodity-based shares",0,bullish,neutral,neutral
both_wrong,"Ethereum Co-founder Signals Major Scandal: Shockwaves Through Crypto World

Ethereum insider teases major revelation, hinting at a scandal that could redefine the crypto landscape",0,bullish,bearish,bearish
both_wrong,"Ethereum (ETH) Network Explodes With 484,000 Interacting Addresses

ETH network rising in active addresses and network growth",2,neutral,bullish,bullish
both_wrong,"Ethereum Maxi Calls Off Wedding, Finds 'ETH Bag Way More Important Than Your Wife'

Pseudonymous crypto influencer “ethereanvibin” recently shared a controversial personal story on X (formerly Twitter), revealing how his obsession with Ethereum (CRYPTO: read more",0,bullish,neutral,bearish
both_wrong,"Massive $600 Billion Bull Storm Knocks For XRP, Bitcoin, Ether, Solana, Cardano, Shiba Inu

Big news hits the crypto market as $596 billion floods into the crypto space in Q4 alone. This raises queries about a gargantuan bull run for crypto majors like Ether, XRP, Solana, Cardano, and Shiba Inu.",0,bullish,bearish,neutral
both_wrong,"Top-Trader Picks Cardano As Bull Market Leader: Here’s Why

In a post on X (formerly Twitter), acclaimed crypto trader Gert van Lagen has pinpointed Cardano (ADA) as the potential frontrunner of the ongoing bull market. His analysis leans heavily on Cardano’s foundational strengths compared to its rivals, Ethereum (ETH) and Solana (SOL). Why Cardano Is Van Lagen’s Top Pick Central to van Lagen’s argument is the concept of decentralization, where he...",0,bullish,neutral,neutral
both_wrong,"Coin Bureau Reveals Current Crypto Portfolio and Top Three Ethereum Killers

The pseudonymous host of Coin Bureau is revealing the current contents of his crypto portfolio. In a new YouTube update, the closely followed analyst known as Guy tells his audience how he is reorganizing his portfolio in the wake of crypto’s recent meltdown. According to the analyst, BTC and ETH are the main pillars of […]",1,bearish,neutral,neutral
both_wrong,"Top Crypto Strategist Predicts Rallies for Ethereum (ETH), Fantom (FTM) and Two Additional Altcoins

A popular analyst is digging into the charts to provide updated price targets for Ethereum (ETH) and a trio of crypto assets. Michaël van de Poppe first tells his 624,300 Twitter followers that Ethereum’s price keeps rising even as funding rates dry up in advance of the project’s mid-September transition from a proof-of-work (PoW) consensus […]",1,bearish,neutral,bullish
both_wrong,"Crypto Won’t See Bull-Run Anytime Soon, This Expert Explains Why

The crypto market is stuck in a tight range as larger cryptocurrencies are unable to break above key levels of resistance. The sector has been mostly inclined to the downside since September when Ethereum completed “The Merge”. Related Reading: A Bullish Week In Bitcoin On The Way? BTCUSD Analysis October 17, 2022 At the time of writing, Bitcoin (BTC) trades at $19,500 with a 2% profit in the...",2,neutral,bearish,bearish
both_wrong,"Ark Invest CEO Cathie Wood Says 'We'd Be Suprised' If SEC Approves 'Anything But Bitcoin And Ether' As Crypto ETFs

ARK Investment Management’s founder-CEO Cathie Wood on Tuesday shared her insights on the future of cryptocurrency ETFs. read more",0,bullish,neutral,neutral
both_wrong,"Top Solana (SOL) NFT Marketplace Announces Extension to Ethereum (ETH) Layer-2 Solution Polygon (MATIC)

The largest marketplace for non-fungible tokens (NFTs) on the Solana (SOL) blockchain says it is integrating with blockchain scaling solution Polygon (MATIC). Magic Eden says it is adding Polygon as its third supported chain after Solana and Ethereum (ETH) in a bid to become a multi-chain platform and bring more global brands and users into […]",2,neutral,bullish,bullish
both_wrong,"Gaming Tokens Ride Bitcoin, Ethereum Boom to All-Time High Prices

The tokens for Xai, Beam, Heroes of Mavia, and Parallel all popped to new peaks amid Bitcoin buzz and the PIXEL launch.",1,bearish,bullish,neutral
both_wrong,"VanEck To Sunset Ethereum ETF Futures Offering, Here’s Why

Top investment asset management firm VanEck has decided to cease and liquidate its Ethereum ETF Futures (EFUT) listed on the Chicago Board Options Exchange (CBOE). This is not entirely positive news for Ethereum, considering it has struggled in the last few weeks. Following the news, Ethereum’s price dropped by 6.1% in the last 24 hours […]",0,bullish,bearish,neutral
both_wrong,"SEC Approves First BTC-ETH Index ETFs

The U.S. Securities and Exchange Commission (SEC) has taken a major step in bridging the gap between digital assets and traditional finance by approving cryptocurrency ETFs from Franklin Templeton and Hashdex. The post SEC Approves New Bitcoin and Ethereum ETFs appeared first on Cryptodnes.",2,neutral,bullish,bullish
both_wrong,"Spot ETH ETFs clocks highest daily inflow day: ‘Alt rotation has begun’

Spot Ether ETFs in the United States have hit a record high in daily inflows, surpassing spot Bitcoin ETFs inflows on the same day by around $2.9 million.",2,neutral,bullish,bullish
both_wrong,"Cardano Will Flip BTC And Ethereum-Charles Hoskinson

Charles Hoskinson stated that Cardano will surpass Bitcoin and Ethereum in twenty years. Charles Hoskinson has stated that the Cardano network will surpass Bitcoin and Ethereum in size and has specified a timeframe for this development. This occurred as the Cardano founder also argued that his network has a competitive advantage over other layer-1 networks, […]",1,bearish,neutral,neutral
both_wrong,"Cardano Will Surpass Bitcoin and Ethereum, Charles Hoskinson Hints Timeline

Cardano founder just issued another big projection on coin's future",1,bearish,bullish,neutral
both_wrong,"Cardano is Better Than Bitcoin and Ethereum, According to Charles Hoskinson

The competition among leading blockchains, including Bitcoin, Ethereum, and Cardano, intensifies, with Charles Hoskinson of Cardano making bold claims after the recent Chang hard fork.",1,bearish,bullish,neutral
both_wrong,"Vitalik Buterin Warns: Superintelligent AI Could Arrive Sooner Than Expected

Ethereum co-founder Vitalik Buterin has raised alarms about the risks associated with superintelligent AI and the need for a strong defense mechanism. Buterin’s comments come at a time when with the rapid development of artificial intelligence, concerns about AI safety have grown significantly. Buterin’s AI Regulation Plan: Liability, Pause Buttons, and International Control In a blog post...",0,bullish,neutral,neutral
both_wrong,"Altcoin season alert – Ethereum’s golden cross might be the first sign!

Ethereum’s SMAs flashed a golden cross, and that may be good news for everyone.",2,neutral,bullish,bullish
both_wrong,"Ethereum Whale Activity Skyrockets — Will Prices Follow?

Ethereum received $157 million inflows amid booming market sentiment",2,neutral,bullish,bullish
both_wrong,"Vitalik Buterin Applauds Railgun for Blocking zkLend Attacker’s Funds

Ethereum co-founder Vitalik Buterin praised Railgun for successfully preventing an attacker from laundering stolen funds.",1,bearish,bullish,neutral
both_wrong,"Sonic Now ‘Golden Standard’ of Layer-2s After Scaling Transactions to 16,000+ per Second, Says Andre Cronje

The newly rebranded layer-1 blockchain Sonic (S) is being called the “golden standard” of layer-2s (L2s) by Andre Cronje, the project’s co-founder. Cronje claims on the social media platform X that Sonic, formerly known as Fantom, is the “only actual decentralized stage 3 L2.” “No fee extraction, all submits 100% to ETH, no ‘centralized value […] The post Sonic Now ‘Golden Standard’ of...",0,bullish,neutral,neutral
both_wrong,"Cardano founder says Ethereum will go extinct in 10 to 15 years, like BlackBerry and Myspace

Remember BlackBerry? Once the ultimate status symbol in tech, it ruled the mobile worlduntil it failed to adapt to rapid innovation and shifting user demands, eventually falling out of favor. Now Cardano founder Charles Hoskinson warns that Ethereum could be next. In a recent AMA session, the American entrepreneur said that the leading smart contract platform wont survive for more than 10 to 15 years, as layer 2s drain its value, internal divisions grow, and users gradually migrate to more effi.",2,neutral,bearish,bearish
both_wrong,"Trump Ethereum DeFi Project Gets Another Big Investment

Dubai-based DWF Labs has purchased $25 million in WLFI, the native token of the Trump family-backed World Liberty Financial.",1,bearish,bullish,bullish
both_wrong,"Trump’s Crypto Project Buys Key ENS Domains After $48 Million Ether Buy

World Liberty Financial (WLF), Donald Trump’s crypto project, has been making bold moves over the weekend in the crypto world. Within 24 hours, WLF has acquired three Ethereum Name Service (ENS) domains—trumpcoin.eth, erictrump.eth, and barrontrump.eth—and purchased $48 million worth of Ethereum. These developments come hot on the heels of a series of memecoin launches linked […] The post Trump’s Crypto Project Buys Key ENS Domains After $48 Million Ether Buy appeared first on The Coin Republic.",0,bullish,neutral,neutral
both_wrong,"Fidelity sees Solana as a ‘notable contender’ but backs Ethereum’s stronger fundamentals

Fidelity Digital Assets says Ethereum's strong fundamentals give it an edge over Solana from a long-term perspective.",1,bearish,bullish,neutral
both_wrong,"Incoming SEC Chair to Weigh More Than 70 Crypto ETF Filings—Including Solana and XRP

Spot crypto ETFs are currently limited to Bitcoin and Ethereum in the U. S. , but analysts expect new approvals this year.",0,bullish,neutral,neutral
both_wrong,"Ethereum (ETH) Price Prediction for May 14

How great is chance to see drop of Ethereum (ETH) from current levels?",2,neutral,bearish,bearish
baseline_correct_fine_tuned_wrong,"Price analysis 1/14: BTC, ETH, BNB, SOL, ADA, XRP, LUNA, DOT, AVAX, DOGE

Right now, bulls are buying each dip and bears are selling the top of each rally, suggesting that BTC and altcoins will remain range-bound for some time.",2,neutral,neutral,bullish
baseline_correct_fine_tuned_wrong,"Ethereum DeFi Users Reach New Highs Over 4M, Growing Roughly 8x in a Year

Data from Dune Analytics reveals that the number of decentralized finance (DeFi) users on Ethereum has hit a new all-time high of over four million.",0,bullish,bullish,neutral
baseline_correct_fine_tuned_wrong,"A closer look at Cardano’s daily, weekly charts reveals this

Gains seen in market leaders Bitcoin and Ethereum have propelled certain altcoins to new heights. Recently, the likes of Shiba Inu, Polkadot, MATIC and now Stellar have seen strong rallies amidst a risk-on broader market. While these coins garnered much interest from the crypto community, Cardano failed to deliver on bullish expectations. In fact, the […]",0,bullish,bullish,neutral
baseline_correct_fine_tuned_wrong,"APE Surpasses AAVE to Become Most Traded Crypto for Largest ETH Investors

Trending ApeCoin now holds position of most traded token by largest Ethereum wallets",0,bullish,bullish,neutral
baseline_correct_fine_tuned_wrong,"IOTA Steps Into Ethereum and Cardano’s Territory With Launch Of Beta Smart Contracts

IOTA Foundation has launched, in beta testing, new feeless, easy to program, and scalable smart contracts for the IOTA blockchain. It is a breathtaking moment for the IOTA community because the blockchain had no support for smart contracts before, but also a potentially great alternative to Ethereum and Cardano smart contracts. The smart contracts can […]",0,bullish,bullish,neutral
baseline_correct_fine_tuned_wrong,"Fantom ($FTM) Price Surges 19% to Highest Level in 8 Days, So Far Up 13940% in 2021

On Tuesday (November 23), the price of $FTM, the native asset of Ethereum competitor Fantom got as high as $2.4435 at 16:22 p.m. UTC on crypto exchange Binance thanks to a steady stream of good news over the past several days. What is Fantom ($FTM)? Here is a little introduction by the Fantom team to this exciting crypto […]",0,bullish,bullish,neutral
baseline_correct_fine_tuned_wrong,"Fantom displays ‘significantly strong’ fundamentals, may see 2x to 3x rise

Ethereum has become one of the most successful and best-performing cryptocurrencies of the last few years. However, many of these “Ethereum killers” have gained traction in the past few months. Well, initially it was Solana but now, Fantom is the talk of the town. Surprisingly, it is one of the blockchains that has been outperforming […]",0,bullish,bullish,neutral
baseline_correct_fine_tuned_wrong,"Market Watch: Bitcoin Fails at $42K, Ethereum Classic Surges 50% Weekly

While bitcoin and most altcoins have stalled or retraced slightly since yesterday, ETC has become the most significant gainer once more.",0,bullish,bullish,bearish
baseline_correct_fine_tuned_wrong,"Ethereum Merge Gets Closer As Ropsten Testnet Executes First Pilot

The long-awaited Ethereum Merge is much closer than anticipated. The Ropsten testnet will implement its unique Merge to offer app developers a taste of what the future looks like with the Layer 2 Ethereum implementation. The Ethereum Foundation has progressed one step further in implementing the Proof of Stake consensus algorithm. By the partial deployment […]",2,neutral,neutral,bullish
baseline_correct_fine_tuned_wrong,"Cardano, Shiba Inu Post Double-Digit Gains As Bitcoin, Ethereum Mount Ultra-Bullish Rebound

The overall cryptocurrency market has also grown to 5.46% to sit at $1.27 trillion",0,bullish,bullish,neutral
baseline_correct_fine_tuned_wrong,"Here’s why Ethereum 2 staking is risky and increases centralization

Proof-of-work will be phased out and replaced with proof-of-stake, a change that comes with a costly barrier to entry for most miners.",2,neutral,neutral,bearish
baseline_correct_fine_tuned_wrong,"Bitcoin, Crypto And NFTs Are Braced For A Big Week As Extreme Price Swings Hit Ethereum, BNB, Solana, Cardano And XRP

Crypto is braced for some of its biggest names to come together for the North American Bitcoin Conference—with billionaire investor Mark Cuban set to join crypto-friendly Miami Mayor Francis Suarez on stage...",2,neutral,neutral,bullish
baseline_correct_fine_tuned_wrong,"Ethereum Competitor Announces $230,000,0000 Token Sale After Surging 80% This Week

An Ethereum competitor has surged nearly 60%, hitting its all-time high this week, even while the majority of other crypto projects have moved sideways on the price charts. The smart contract platform Avalanche (AVAX) is trading at $65.02 at time of writing, having achieved an all-time high of $68.34 at one point on Thursday, according […]",0,bullish,bullish,neutral
baseline_correct_fine_tuned_wrong,"Terra (LUNA) Surpasses Ethereum Becoming Second Most Staked Asset

Over the past week, the price surge in the LUNA token has caused it to rise to become the second most-staked primary digital currency in TVL leaving Ethereum behind. In addition, a data source reported this data showing that Terra’s LUNA coin passed the Ether coin, which currently has more than $28 billion in Total Value Locked. According to the data report, the Terra crypto project has over...",0,bullish,bullish,neutral
baseline_correct_fine_tuned_wrong,"Senator Elizabeth Warren Introduces A Game-Changing Crypto Bill As The Price Of Bitcoin, Ethereum, BNB, XRP, Luna, Cardano, Solana And Avalanche Surge

U.S. senator Elizabeth Warren (D-Mass.), a long-time crypto critic, has announced a new bill that would block bitcoin and cryptocurrency companies from doing business with those hit by sanctions...",1,bearish,bearish,neutral
baseline_correct_fine_tuned_wrong,"Citadel CEO: Ethereum Is Superior to Bitcoin And Will Eventually Replace it

According to Ken Griffin, bitcoin has some serious disadvantages that can lead to other cryptocurrencies taking its first spot in the space.",1,bearish,bearish,neutral
baseline_correct_fine_tuned_wrong,"Top Crypto Analyst Predicts Deep Correction for Bitcoin and Ethereum, Pulls Out of Altcoin Positions

A prominent crypto strategist and trader says he’s pulling out of his altcoin positions as he believes Bitcoin and Ethereum are poised for a deep correction. The pseudonymous trader, known in the industry as Smart Contracter, tells his 165,600 followers that he sees Bitcoin (BTC) dropping below $40,000 while Ethereum (ETH) could slide below $3,000. […]",1,bearish,bearish,neutral
baseline_correct_fine_tuned_wrong,"Ethereum Bullish Signal: ETH 2.0 Staking Rate Spikes Up

Data shows the staking rate of the Ethereum Proof-of-stake contract (formerly called the ETH 2.0 upgrade) has surged up recently, a sign that could be positive for the crypto’s price. Ethereum 2.0 Staking Rate Surges Up As Inflows Spike As pointed out by an analyst in a CryptoQuant post, the ETH staking rate has observed […]",0,bullish,bullish,neutral
baseline_correct_fine_tuned_wrong,"Over $20 billion inflows Ethereum’s market cap in a week as crypto market turns green

Ethereum (ETH), the second-largest cryptocurrency by market capitalization, is now back, trading back in the green. In particular, Ethereum has... Continue reading",0,bullish,bullish,neutral
baseline_correct_fine_tuned_wrong,"Bored Apes creator to launch new metaverse ‘Otherside’

Yuga Labs, creators of the Bored Apes Yacht Club (BAYC) non-fungible token (NFT) collection, teased the launch of its metaverse called Otherside, coming in April. See related article: BAYC’s floor price surpasses 100 ETH since ApeCoin launch Fast facts The teaser video released by Yuga Labs on Saturday featured Yuga Labs NFTs including Mutant Ape […]",2,neutral,neutral,bullish
baseline_correct_fine_tuned_wrong,"Traders forecast $3K Ethereum price but derivatives data suggests otherwise

ETH might have rallied 35% off its $1,750 low but derivatives data shows pro traders are not so bullish.",1,bearish,bearish,neutral
baseline_correct_fine_tuned_wrong,"Ethereum ‘Merge’ Successfully Takes Place on Kiln Testnet

The Ethereum Foundation has announced that the “Merge” successfully took place on the Kiln testnet. This is the final public testnet before the transition to proof-of-stake later this year.",2,neutral,neutral,bullish
baseline_correct_fine_tuned_wrong,"Crypto community with 78% historical accuracy sets Ethereum price for March 31, 2022

Ethereum (ETH), the second-ranked cryptocurrency, continues to navigate market turbulence as investors hunt for the next breakout opportunity, with the... Continue reading",0,bullish,bullish,neutral
baseline_correct_fine_tuned_wrong,"Tenth time’s the charm for Ethereum after this dry spell comes to an end

ETH, the world’s second-largest cryptocurrency, finally started to move north earlier today. In fact, it broke past the strong resistance it was facing at $3000 by gaining by over 6% in 24 hours. While it was hovering near the resistance at press time, bullish momentum for the coin might have already set in. Especially in […]",0,bullish,bullish,neutral
baseline_correct_fine_tuned_wrong,"Mark Cuban Reveals Two of His Largest Altcoin Investments, Says First Viral Crypto App Is Coming

Billionaire entrepreneur and shark tank star Mark Cuban says he’s heavily invested in two popular altcoins while waiting for the first viral crypto app to emerge. In a new interview with Crypto Banter, Cuban says that he owns “a lot” of Ethereum (ETH) and Polygon (MATIC) due to their strong use cases. “Bitcoin’s a […]",2,neutral,neutral,bullish
baseline_correct_fine_tuned_wrong,"Shark Tank’s Kevin O’Leary Exploring Ethereum (ETH), Polygon (MATIC) and These Two Altcoins As Metaverse Bets

Shark Tank investor Kevin O’Leary says he is investing in metaverse altcoins as the nascent crypto sector takes off. In a new interview on Kitco News, the celebrity investor says he considers Ethereum (ETH), Polygon (MATIC), Hedera (HBAR) and Helium (HNT) to be the software that the metaverse will be built on. “If you’re willing […]",2,neutral,neutral,bullish
baseline_correct_fine_tuned_wrong,"Richest Ethereum Whales Accumulating Two Surging Altcoins As Top Wallet Buys $15,000,000 Worth of Polygon (MATIC)

The richest Ethereum whales across the globe are gobbling up two surging altcoins at a rapid rate as most of the crypto market continues to sputter. WhaleStats reports that in the past week the top 1000-largest Ethereum addresses have purchased Polygon (MATIC) and Chainlink (LINK) more than any other crypto assets after Ethereum (ETH) and […]",2,neutral,neutral,bullish
baseline_correct_fine_tuned_wrong,"1.15 Million ETH Burned Since London Hard Fork Upgrade

So far, 1.15 million $ETH has been burned since London hard fork was implemented",2,neutral,neutral,bearish
baseline_correct_fine_tuned_wrong,"$6.6 Million in LUNA Grabbed by Top ETH Whale: Report

Major whale has purchased a large LUNA lump, while the cryptocurrency has got on the list of the top ten purchased assets",2,neutral,neutral,bullish
baseline_correct_fine_tuned_wrong,"Polygon briefly overtakes Ethereum for active addresses after 330% surge

Layer-two aggregator Polygon has seen a 330% surge in active addresses over the past three months.",0,bullish,bullish,neutral
baseline_correct_fine_tuned_wrong,"Ethereum (ETH) On-Chain Analysis: Interest in DeFi Continues to Grow

BeInCrypto takes a look at on-chain indicators for Ethereum (ETH), more specifically the total value locked in decentralized finance (DeFi) products and transactions on the Uniswap exchange.",2,neutral,neutral,bullish
baseline_correct_fine_tuned_wrong,"XRP Shoots up 9% as Ripple’s Lawyers Turn up Heat on SEC

SEC and Ripple are still locked in a legal tussle, as Ripple plays a strong hand by highlighting that the former director of the SEC's Division of Corporate Finance confirmed in 2018 that Ethereum was not a security.",0,bullish,bullish,neutral
baseline_correct_fine_tuned_wrong,"Japanese Financial Services Giant Launching Crypto Fund That Will Invest in XRP

Japanese financial giant SBI Holdings is reportedly launching the country’s first cryptoasset fund, which will invest in XRP and four other popular digital assets. According to a report by Bloomberg, SBI intends to launch a fund that will invest in Bitcoin, Ethereum, XRP, Bitcoin Cash and Litecoin. Tomoya Asakura, the President of SBI affiliate Morningstar […]",2,neutral,neutral,bullish
baseline_correct_fine_tuned_wrong,"Ethereum Now Has More ""Hodlers"" Than Bitcoin Thanks to Staking

ETH held by addresses for longer than 12 months is at the highest since at least 2018, with the ratio surpassing Bitcoin's for the first time ever.",0,bullish,bullish,neutral
baseline_correct_fine_tuned_wrong,"Not everything is about ETH as Ethereum’s revenue raises eyebrows

From the data coined from Token Terminal, the last time the Ethereum blockchain hit such levels was in July. What else is happening?",2,neutral,neutral,bearish
baseline_correct_fine_tuned_wrong,"Bloomberg Analysts Revealed the Chance of Ethereum ETF Applications Approval: “Spot ETH ETFs Could Be Coming”

Bloomberg analysts Eric Balchunas and James Seyffart discussed the possibility of approval of Ethereum spot ETF applications. Continue Reading: Bloomberg Analysts Revealed the Chance of Ethereum ETF Applications Approval: “Spot ETH ETFs Could Be Coming”",2,neutral,neutral,bullish
baseline_correct_fine_tuned_wrong,"Vitalik Buterin cashes out over $1 million in ETH before ‘anticipated dip to $1,000′

In a recent analysis, popular crypto market analyst Ali Martinez issued a cautionary note to cryptocurrency investors, highlighting the critical … Continued The post Vitalik Buterin cashes out over $1 million in ETH before ‘anticipated dip to $1,000′ appeared first on Finbold.",1,bearish,bearish,neutral
baseline_correct_fine_tuned_wrong,"Ethereum’s staking rewards rate hits post-Merge record high, fueled by memecoin frenzy

With the surge in on-chain gas fees driven by the most recent memecoin frenzy, the staking reward rate on Ethereum reached a post-Merge all-time high.",0,bullish,bullish,neutral
baseline_correct_fine_tuned_wrong,"ConsenSys announces public testing of ZK-Rollup network compatible with Ethereum

Blockchain development firm ConsenSys said public testing of the zkEVM rollup network will commence on Mar. 28.",2,neutral,neutral,bullish
baseline_correct_fine_tuned_wrong,"Ethereum developers target March 2023 for Shanghai hard fork

In a meeting today, core Ethereum developers agreed to a tentative timeline for the implementation of coming upgrades.",2,neutral,neutral,bullish
baseline_correct_fine_tuned_wrong,"Tether Won’t Freeze Tornado Wallets Unless Directly Ordered

Stablecoin firm Tether said today that it would not freeze Tornado Cash addresses without specific orders from law enforcement. Tether says it has not been ordered to freeze Tornado addresses.Several addresses related to the Ethereum coin mixer Tornado Cash were added to a U.S. sanctions list on August 8.In an announcement today, Tether said that it is cooperating with U.S. law enforcement on...",2,neutral,neutral,bearish
baseline_correct_fine_tuned_wrong,"Cardano Founder Dismisses ETHGate Theory Rumors: Report

The crypto space, fully open to controversies and scandals, recently caught attention with Cardano founder Charles Hoskinson’s contentious comments on the ETHGate Conspiracy Theory. In a recent AMA session on October 8, Hoskinson, who is also a co-founder of Ethereum, dispelled the ETHGate theory, arguing that the Securities and Exchange Commission’s (SEC) stance on Ether […]",1,bearish,bearish,neutral
baseline_correct_fine_tuned_wrong,"Solana (SOL) Emerging As Viable Threat to Ethereum in NFT Markets: DappRadar Report

DappRadar says Solana (SOL) could potentially pass Ethereum (ETH) as the leading blockchain for non-fungible tokens (NFTs). In a new report, DappRadar finds Solana is performing well in the NFT space despite the latest widespread crypto market downturn. Trading volume for SOL increased amid declines seen in other blockchains, including leading altcoin Ethereum. DappRadar finds […]",0,bullish,bullish,neutral
baseline_correct_fine_tuned_wrong,"Top Reasons Why Ethereum (ETH) is Ready to Shine in the Crypto Market

Ethereum (ETH), historically viewed as a secondary player compared to Bitcoin (BTC), has shown notable signs of resurgence in the current cryptocurrency market cycle. While it initially lagged behind BTC in price appreciation and lacked clear catalysts, recent trends suggest a shift in market sentiment favoring ETH. Here’s what’s giving Ethereum this edge. Is it …",0,bullish,bullish,neutral
baseline_correct_fine_tuned_wrong,"Bloomberg Analyst Says Today is the Big Day, Explains What’s Coming and the Date ETH ETFs Will Trade

Bloomberg ETF analyst Eric Balchunas announced the event he expected today and talked about Ethereum ETFs. Continue Reading: Bloomberg Analyst Says Today is the Big Day, Explains What’s Coming and the Date ETH ETFs Will Trade",2,neutral,neutral,bullish
baseline_correct_fine_tuned_wrong,"TON flips Ethereum in daily active addresses

TON blockchain has surpassed the Ethereum network in daily active addresses. The change marks a significant stage in cryptocurrency growth, where the Ethereum blockchain is facing tight competition from the TON blockchain.",0,bullish,bullish,neutral
baseline_correct_fine_tuned_wrong,"Bitcoin Generates 24 Time More Fees Compared to Ethereum

Rules could solve Bitcoin's security problem, but will their success last?",2,neutral,neutral,bearish
baseline_correct_fine_tuned_wrong,"Solana vs Ethereum again: ‘Small blocker argument’ returns

Does Ethereum's scalability call for a major architectural overhaul?",2,neutral,neutral,bearish
baseline_correct_fine_tuned_wrong,"Ethereum: Top reasons why ETH to $5K in 2024 is certain

With a premium perp value, the spot price of ETH seems ready for an upswing.",0,bullish,bullish,neutral
baseline_correct_fine_tuned_wrong,"Critical Bitcoin and Etrheruem Move from London Stock Exchange!

The London Stock Exchange (LSE) announced that it will accept Bitcoin and Ethereum crypto ETN applications in the second quarter of 2024. Continue Reading: Critical Bitcoin and Etrheruem Move from London Stock Exchange!",2,neutral,neutral,bullish
baseline_correct_fine_tuned_wrong,"Ethereum hits 4K as weekly ETF inflows exceed $1 billion

Ethereum, the second-largest crypto by market capitalization, has surged past the $4,000 mark, a level it last reached in May 2024, driven by strong demand for Ethereum ETFs.This rally represents a 65% increase in Ethereums price over the past month, following Donald Trumps win as the 47th President of the US, and marks a sharp recovery after months of underperformance compared to...",0,bullish,bullish,neutral
baseline_correct_fine_tuned_wrong,"Solana (SOL) Hits New Record High, Outperforming Ethereum (ETH)

The cryptocurrency market is glowing with bullish momentum",0,bullish,bullish,neutral
baseline_correct_fine_tuned_wrong,"Visa launches platform to test tokenized assets and smart contracts

The Spanish bank Banco Bilbao Vizcaya Argentaria is already experimenting with the new Visa Tokenized Asset Platform: the goal is to launch a pilot project on Ethereum in 2025.",2,neutral,neutral,bullish
